"Date","Price","Open","High","Low","Vol.","Change %"
"10/11/2024","185.60","186.00","186.00","185.60","0.88K","-1.80%"
"10/10/2024","189.00","190.00","190.00","186.00","1.23K","1.61%"
"10/09/2024","186.00","184.00","194.90","180.00","4.73K","1.09%"
"10/08/2024","184.00","188.50","188.50","180.00","1.02K","-2.39%"
"10/07/2024","188.50","184.00","188.80","184.00","1.85K","1.89%"
"10/04/2024","185.00","181.00","189.00","180.00","3.84K","2.21%"
"10/03/2024","181.00","180.00","181.00","180.00","0.53K","-0.55%"
"10/02/2024","182.00","182.00","182.10","182.00","1.32K","0.00%"
"10/01/2024","182.00","179.00","182.00","179.00","0.64K","1.68%"
"09/30/2024","179.00","177.60","180.00","177.60","1.09K","0.79%"
"09/27/2024","177.60","186.00","189.00","177.50","0.21K","0.34%"
"09/26/2024","177.00","177.00","190.00","177.00","35.07K","0.00%"
"09/25/2024","177.00","177.00","177.20","176.50","0.86K","0.00%"
"09/24/2024","177.00","177.20","177.20","177.00","5.82K","-0.11%"
"09/23/2024","177.20","177.20","177.20","177.00","1.74K","0.68%"
"09/20/2024","176.00","177.00","177.20","176.00","4.70K","-0.56%"
"09/19/2024","177.00","176.40","177.10","176.40","1.35K","1.43%"
"09/18/2024","174.50","176.00","176.60","174.00","2.23K","0.17%"
"09/17/2024","174.20","176.40","176.40","174.10","3.90K","-1.25%"
"09/16/2024","176.40","176.00","176.90","175.30","1.10K","1.38%"
"09/13/2024","174.00","174.80","175.30","170.00","11.60K","2.35%"
"09/12/2024","170.00","176.00","176.00","170.00","11.52K","-1.73%"
"09/11/2024","173.00","173.50","177.00","171.00","0.46K","-0.29%"
"09/10/2024","173.50","177.00","177.20","173.50","2.36K","0.29%"
"09/09/2024","173.00","170.20","177.10","170.20","0.62K","-1.70%"
"09/06/2024","176.00","174.00","176.60","170.10","5.04K","1.73%"
"09/05/2024","173.00","171.00","173.90","171.00","0.19K","1.17%"
"09/04/2024","171.00","171.00","177.00","171.00","0.47K","0.00%"
"09/03/2024","171.00","177.30","177.30","171.00","0.94K","0.06%"
"09/02/2024","170.90","171.00","177.00","170.60","1.72K","0.23%"
"08/30/2024","170.50","177.90","177.90","170.50","0.37K","-0.06%"
"08/29/2024","170.60","170.10","178.00","170.10","2.19K","-0.23%"
"08/28/2024","171.00","178.50","178.50","171.00","6.24K","-0.58%"
"08/27/2024","172.00","178.50","178.50","171.50","1.37K","0.29%"
"08/22/2024","171.50","172.00","178.50","171.40","1.96K","0.06%"
"08/21/2024","171.40","173.00","180.00","171.40","4.25K","-0.35%"
"08/20/2024","172.00","180.00","180.00","172.00","3.22K","-2.82%"
"08/19/2024","177.00","181.00","182.00","176.00","3.04K","-2.21%"
"08/16/2024","181.00","180.00","181.00","179.00","1.14K","0.56%"
"08/15/2024","180.00","179.90","180.00","179.90","0.40K","2.27%"
"08/14/2024","176.00","180.00","180.00","176.00","1.61K","-1.68%"
"08/13/2024","179.00","178.00","180.50","178.00","0.12K","0.56%"
"08/12/2024","178.00","185.00","185.00","178.00","1.77K","-3.78%"
"08/09/2024","185.00","180.00","185.00","180.00","0.33K","0.54%"
"08/08/2024","184.00","178.00","184.00","178.00","0.56K","2.22%"
"08/07/2024","180.00","182.00","182.00","180.00","0.26K","0.00%"
"08/06/2024","180.00","175.00","180.00","172.00","1.97K","2.86%"
"08/05/2024","175.00","172.00","180.00","172.00","1.36K","1.74%"
"08/02/2024","172.00","180.00","184.00","170.00","32.72K","-3.37%"
"08/01/2024","178.00","180.00","180.00","177.70","1.30K","-0.56%"
"07/31/2024","179.00","183.90","183.90","179.00","0.71K","-0.56%"
"07/30/2024","180.00","183.30","184.00","180.00","1.47K","-2.17%"
"07/29/2024","184.00","187.00","187.00","184.00","3.21K","-1.55%"
"07/26/2024","186.90","187.00","190.00","185.10","0.65K","-1.63%"
"07/25/2024","190.00","190.00","190.00","189.00","1.02K","0.00%"
"07/23/2024","190.00","190.00","190.00","189.60","0.14K","0.00%"
"07/22/2024","190.00","190.00","190.00","190.00","0.37K","0.53%"
"07/19/2024","189.00","189.00","189.00","188.00","1.25K","0.53%"
"07/18/2024","188.00","189.00","190.50","188.00","0.93K","-1.83%"
"07/17/2024","191.50","189.00","191.50","189.00","0.26K","-0.26%"
"07/16/2024","192.00","192.50","192.50","189.00","0.52K","-0.26%"
"07/15/2024","192.50","195.00","195.00","190.00","1.16K","1.32%"
"07/12/2024","190.00","189.10","195.00","189.10","100.54K","0.48%"
"07/11/2024","189.10","189.90","190.00","189.10","0.24K","0.05%"
"07/10/2024","189.00","191.00","191.00","189.00","1.12K","-1.05%"
"07/09/2024","191.00","195.00","195.00","191.00","6.16K","-2.05%"
"07/08/2024","195.00","195.00","195.00","194.00","0.34K","0.52%"
"07/05/2024","194.00","194.00","194.00","194.00","0.55K","0.52%"
"07/04/2024","193.00","193.00","193.00","193.00","0.69K","1.58%"
"07/03/2024","190.00","192.00","192.00","189.00","0.55K","-1.55%"
"07/02/2024","193.00","193.00","193.00","193.00","1.64K","0.00%"
"07/01/2024","193.00","193.00","193.00","193.00","0.32K","0.00%"
"06/28/2024","193.00","193.00","193.00","190.00","32.76K","1.05%"
"06/27/2024","191.00","191.00","191.00","191.00","22.65K","0.53%"
"06/26/2024","190.00","191.00","191.00","190.00","25.57K","-0.52%"
"06/25/2024","191.00","191.10","194.90","191.00","1.75K","0.00%"
"06/24/2024","191.00","195.00","195.00","191.00","0.36K","-2.05%"
"06/21/2024","195.00","195.00","195.00","189.40","1.21K","0.00%"
"06/20/2024","195.00","194.00","195.00","194.00","0.83K","0.00%"
"06/19/2024","195.00","194.00","195.00","194.00","1.31K","3.07%"
"06/18/2024","189.20","195.00","195.00","189.00","3.67K","-2.97%"
"06/14/2024","195.00","195.00","196.00","194.00","0.71K","0.52%"
"06/13/2024","194.00","195.00","195.00","194.00","0.04K","-0.51%"
"06/11/2024","195.00","193.00","195.00","193.00","0.82K","0.00%"
"06/10/2024","195.00","197.90","198.00","194.00","0.72K","-1.52%"
"06/07/2024","198.00","198.00","198.00","198.00","0.10K","4.76%"
"06/06/2024","189.00","194.10","194.10","189.00","1.06K","-2.07%"
"06/05/2024","193.00","193.00","193.00","193.00","0.16K","-1.53%"
"06/04/2024","196.00","194.10","196.00","194.10","1.16K","1.03%"
"06/03/2024","194.00","195.00","195.00","194.00","1.14K","0.52%"
"05/31/2024","193.00","201.00","201.00","192.00","8.62K","-3.98%"
"05/30/2024","201.00","201.80","204.00","201.00","46.57K","1.52%"
"05/29/2024","198.00","194.00","198.00","194.00","0.40K","2.59%"
"05/28/2024","193.00","194.00","195.10","191.90","0.67K","-1.08%"
"05/27/2024","195.10","195.00","201.80","195.00","0.65K","0.05%"
"05/24/2024","195.00","201.00","201.00","195.00","0.46K","-2.99%"
"05/23/2024","201.00","201.00","201.00","200.00","1.06K","0.00%"
"05/22/2024","201.00","202.00","202.00","201.00","1.85K","0.00%"
"05/21/2024","201.00","198.50","202.00","195.00","5.43K","1.26%"
"05/20/2024","198.50","199.00","200.00","198.50","1.17K","-0.25%"
"05/17/2024","199.00","199.50","200.00","199.00","1.68K","-0.25%"
"05/16/2024","199.50","199.00","199.80","198.00","1.27K","0.76%"
"05/15/2024","198.00","199.00","199.00","197.00","17.78K","0.51%"
"05/14/2024","197.00","196.00","197.00","193.00","0.42K","0.51%"
"05/13/2024","196.00","197.00","197.00","196.00","0.47K","1.55%"
"05/10/2024","193.00","195.10","196.00","193.00","2.49K","-0.52%"
"05/09/2024","194.00","197.00","197.00","194.00","0.66K","-0.51%"
"05/08/2024","195.00","195.00","197.00","195.00","0.62K","-0.51%"
"05/07/2024","196.00","197.00","197.00","194.00","1.40K","-0.51%"
"05/06/2024","197.00","196.90","197.00","196.90","1.79K","0.05%"
"05/03/2024","196.90","191.00","198.00","191.00","4.85K","3.09%"
"05/02/2024","191.00","195.00","198.00","191.00","0.30K","-2.05%"
"04/30/2024","195.00","193.90","198.00","193.90","3.75K","1.88%"
"04/29/2024","191.40","193.00","193.30","191.40","2.54K","-0.83%"
"04/26/2024","193.00","193.50","193.50","189.50","0.08K","-0.26%"
"04/25/2024","193.50","188.90","193.50","188.90","0.65K","2.44%"
"04/24/2024","188.90","193.60","193.60","188.90","7.05K","-2.43%"
"04/23/2024","193.60","193.60","193.60","190.00","77.18K","0.31%"
"04/22/2024","193.00","190.00","193.00","190.00","11.67K","2.17%"
"04/19/2024","188.90","188.90","192.00","188.90","13.75K","1.50%"
"04/18/2024","186.10","193.70","193.70","186.00","13.47K","-1.53%"
"04/17/2024","189.00","189.00","189.00","188.90","4.40K","0.05%"
"04/16/2024","188.90","189.00","189.00","188.00","1.44K","-0.05%"
"04/15/2024","189.00","188.30","189.00","188.30","0.92K","0.00%"
"04/12/2024","189.00","190.50","191.00","189.00","5.77K","-0.79%"
"04/11/2024","190.50","192.00","192.00","190.00","1.63K","0.85%"
"04/08/2024","188.90","190.00","190.50","188.90","4.46K","-0.58%"
"04/05/2024","190.00","190.00","190.00","190.00","0.41K","0.90%"
"04/04/2024","188.30","188.00","188.30","186.00","0.12K","-0.89%"
"04/03/2024","190.00","189.00","190.00","189.00","0.97K","0.53%"
"04/02/2024","189.00","190.00","191.00","189.00","2.45K","-0.53%"
"04/01/2024","190.00","193.50","193.70","190.00","1.01K","-1.50%"
"03/27/2024","192.90","193.70","193.70","190.00","1.32K","-0.36%"
"03/26/2024","193.60","190.00","193.60","190.00","0.41K","2.43%"
"03/25/2024","189.00","192.90","193.10","189.00","0.81K","-0.53%"
"03/22/2024","190.00","188.00","190.00","188.00","25.12K","2.59%"
"03/21/2024","185.20","189.60","190.00","185.00","25.58K","-2.32%"
"03/20/2024","189.60","192.00","193.00","189.60","1.85K","-1.15%"
"03/19/2024","191.80","192.00","192.00","191.00","0.54K","-0.10%"
"03/18/2024","192.00","190.00","192.00","189.00","5.28K","1.05%"
"03/15/2024","190.00","192.00","192.00","190.00","0.16K","-1.04%"
"03/14/2024","192.00","188.70","194.90","186.00","2.76K","1.80%"
"03/13/2024","188.60","188.00","193.00","188.00","2.84K","0.32%"
"03/12/2024","188.00","191.00","191.00","183.10","1.94K","-1.57%"
"03/11/2024","191.00","195.00","195.00","180.00","0.78K","-2.05%"
"03/08/2024","195.00","195.00","195.00","194.00","2.27K","0.00%"
"03/07/2024","195.00","198.00","198.00","185.00","2.20K","-0.28%"
"03/06/2024","195.55","195.65","195.65","193.69","4.14K","-0.05%"
"03/05/2024","195.65","193.69","195.65","192.71","6.07K","1.01%"
"03/04/2024","193.69","189.78","193.69","188.70","71.53K","1.54%"
"03/01/2024","190.76","189.78","191.64","188.90","1.75K","0.52%"
"02/29/2024","189.78","189.78","190.76","189.58","0.67K","0.10%"
"02/28/2024","189.58","189.29","189.78","188.90","1.34K","0.41%"
"02/27/2024","188.80","189.29","189.29","188.80","4.05K","-0.26%"
"02/26/2024","189.29","186.84","189.29","186.84","2.21K","0.00%"
"02/23/2024","189.29","186.45","189.39","186.45","3.91K","1.57%"
"02/22/2024","186.35","183.32","186.84","183.32","5.73K","1.44%"
"02/21/2024","183.71","185.77","185.77","183.71","0.02K","2.62%"
"02/20/2024","179.02","184.89","184.89","179.02","1.36K","-3.53%"
"02/19/2024","185.57","185.77","185.77","180.97","1.34K","1.07%"
"02/16/2024","183.62","184.59","184.59","183.62","4.45K","-0.53%"
"02/15/2024","184.59","184.89","184.89","181.07","2.91K","-0.16%"
"02/14/2024","184.89","185.38","185.38","184.89","0.03K","0.00%"
"02/13/2024","184.89","183.91","185.77","182.93","2.39K","0.53%"
"02/12/2024","183.91","179.12","185.77","179.12","5.91K","2.68%"
"02/08/2024","179.12","184.30","184.30","179.12","0.20K","1.72%"
"02/07/2024","176.08","183.71","185.87","176.08","1.93K","-2.17%"
"02/06/2024","180.00","183.91","185.77","176.08","11.99K","-2.08%"
"02/05/2024","183.81","180.29","185.87","171.19","31.71K","-1.11%"
"02/02/2024","185.87","182.93","185.87","178.04","2.07K","1.50%"
"02/01/2024","183.13","185.87","185.87","167.28","2.56K","-0.95%"
"01/31/2024","184.89","184.89","185.87","184.89","0.12K","0.00%"
"01/30/2024","184.89","180.00","184.89","179.02","0.63K","2.72%"
"01/29/2024","180.00","180.00","180.97","180.00","1.19K","-0.54%"
"01/26/2024","180.97","186.75","186.75","180.97","0.34K","0.54%"
"01/25/2024","180.00","186.75","186.84","180.00","14.63K","-3.61%"
"01/24/2024","186.75","175.69","187.04","175.69","10.05K","6.29%"
"01/23/2024","175.69","173.64","175.69","173.34","2.21K","1.47%"
"01/22/2024","173.15","173.15","173.34","173.15","1.06K","0.00%"
"01/19/2024","173.15","173.15","173.15","173.15","0.10K","0.00%"
"01/18/2024","173.15","172.17","173.15","172.17","12.68K","0.06%"
"01/17/2024","173.05","173.83","173.93","172.17","38.45K","1.67%"
"01/16/2024","170.21","173.25","174.13","170.21","0.73K","-1.75%"
"01/15/2024","173.25","173.54","174.13","173.25","1.03K","-0.06%"
"01/12/2024","173.34","174.52","175.69","173.34","0.76K","-0.67%"
"01/11/2024","174.52","174.52","174.52","174.52","0.16K","0.00%"
"01/10/2024","174.52","174.13","174.52","174.13","0.42K","0.22%"
"01/09/2024","174.13","174.13","174.13","173.15","0.94K","-1.06%"
"01/08/2024","175.99","173.93","176.08","173.93","1.31K","1.18%"
"01/05/2024","173.93","172.56","173.93","171.19","4.33K","1.02%"
"01/04/2024","172.17","173.05","173.05","171.29","2.62K","-0.56%"
"01/03/2024","173.15","172.95","173.15","167.77","0.15K","0.11%"
"01/02/2024","172.95","171.49","172.95","167.38","2.67K","4.00%"
"12/29/2023","166.30","167.28","167.28","166.30","0.02K","-3.08%"
"12/28/2023","171.58","171.58","171.58","171.00","5.10K","3.06%"
"12/27/2023","166.50","171.19","171.19","166.50","0.36K","-2.74%"
"12/22/2023","171.19","171.19","171.19","171.19","0.23K","0.11%"
"12/21/2023","171.00","169.24","171.00","169.24","2.10K","1.63%"
"12/20/2023","168.26","170.31","170.90","168.26","8.15K","-2.49%"
"12/19/2023","172.56","170.41","172.56","170.21","2.71K","0.80%"
"12/18/2023","171.19","171.19","172.17","170.41","0.32K","0.00%"
"12/15/2023","171.19","171.19","171.19","168.75","0.60K","0.00%"
"12/14/2023","171.19","171.19","171.19","168.26","5.21K","0.29%"
"12/13/2023","170.70","168.26","170.70","168.26","8.83K","1.45%"
"12/12/2023","168.26","167.38","170.21","167.38","5.76K","0.53%"
"12/11/2023","167.38","169.14","169.14","167.38","0.03K","-0.52%"
"12/07/2023","168.26","168.26","168.26","168.26","0.38K","2.38%"
"12/06/2023","164.34","164.34","168.16","164.34","3.93K","0.00%"
"12/05/2023","164.34","169.14","169.14","164.34","2.15K","-2.83%"
"12/04/2023","169.14","163.37","169.14","163.37","0.81K","1.11%"
"12/01/2023","167.28","168.26","168.26","167.28","1.94K","1.79%"
"11/30/2023","164.34","165.32","166.79","164.34","0.39K","-1.75%"
"11/29/2023","167.28","168.26","168.26","165.81","5.55K","-0.58%"
"11/28/2023","168.26","167.28","170.21","167.28","0.75K","0.58%"
"11/24/2023","167.28","167.28","167.28","167.28","0.10K","0.59%"
"11/23/2023","166.30","172.17","172.17","166.30","10.72K","-2.86%"
"11/22/2023","171.19","166.30","171.19","166.30","0.25K","2.94%"
"11/21/2023","166.30","166.30","166.30","166.30","0.04K","-2.86%"
"11/20/2023","171.19","171.19","171.19","171.19","6.07K","0.29%"
"11/17/2023","170.70","170.70","170.70","170.70","0.27K","-0.23%"
"11/16/2023","171.09","166.30","171.19","166.30","0.16K","2.88%"
"11/15/2023","166.30","170.12","170.21","166.30","3.16K","0.00%"
"11/14/2023","166.30","167.77","167.77","166.30","0.51K","-2.30%"
"11/13/2023","170.21","170.21","170.21","167.77","0.66K","-0.29%"
"11/10/2023","170.70","171.00","171.00","170.70","0.05K","0.29%"
"11/09/2023","170.21","170.21","170.21","170.21","0.01K","0.00%"
"11/07/2023","170.21","170.02","171.19","170.02","4.44K","0.00%"
"11/06/2023","170.21","170.02","170.21","170.02","4.33K","0.00%"
"11/03/2023","170.21","166.30","171.09","166.30","0.97K","2.96%"
"10/31/2023","165.32","166.30","167.28","165.32","2.00K","-0.59%"
"10/26/2023","166.30","166.20","166.30","162.88","1.91K","0.59%"
"10/25/2023","165.32","168.26","168.26","165.32","0.80K","-1.74%"
"10/24/2023","168.26","171.19","171.19","168.26","0.45K","-1.60%"
"10/23/2023","171.00","170.21","171.19","170.21","0.21K","0.46%"
"10/20/2023","170.21","171.19","171.39","170.21","2.89K","-0.57%"
"10/19/2023","171.19","173.15","173.64","171.19","4.32K","0.29%"
"10/18/2023","170.70","172.85","172.95","170.70","2.86K","-0.29%"
"10/17/2023","171.19","171.19","171.19","170.31","1.89K","0.00%"
"10/16/2023","171.19","171.19","173.05","171.19","1.57K","0.00%"
"10/13/2023","171.19","170.70","173.05","170.70","2.63K","-1.07%"
"10/12/2023","173.05","170.70","173.15","170.70","2.55K","1.61%"
"10/11/2023","170.31","173.15","173.74","170.21","1.91K","-1.64%"
"10/10/2023","173.15","172.37","173.15","170.21","1.74K","0.34%"
"10/09/2023","172.56","172.56","173.93","172.56","0.39K","0.00%"
"10/06/2023","172.56","173.15","173.93","171.19","16.15K","0.80%"
"10/05/2023","171.19","171.19","172.17","171.19","2.32K","-0.06%"
"10/04/2023","171.29","172.56","172.66","171.19","4.76K","-0.74%"
"10/03/2023","172.56","171.68","172.56","171.68","4.94K","0.80%"
"10/02/2023","171.19","168.65","172.17","168.65","4.12K","-0.06%"
"09/29/2023","171.29","171.19","173.93","168.75","2.51K","0.00%"
"09/28/2023","171.29","168.84","171.29","168.84","15.90K","1.74%"
"09/27/2023","168.35","169.24","169.24","168.35","1.72K","-0.52%"
"09/26/2023","169.24","168.26","169.24","168.26","9.89K","1.17%"
"09/25/2023","167.28","168.16","168.26","165.42","0.69K","0.00%"
"09/22/2023","167.28","168.26","168.26","166.30","9.44K","0.59%"
"09/21/2023","166.30","168.06","168.26","166.10","12.77K","0.00%"
"09/20/2023","166.30","167.28","168.16","165.32","5.86K","0.06%"
"09/19/2023","166.20","164.44","167.18","164.34","5.84K","1.61%"
"09/18/2023","163.56","167.28","168.26","162.88","13.06K","0.66%"
"09/15/2023","162.49","162.39","165.81","162.39","1.75K","-1.13%"
"09/14/2023","164.34","161.41","165.32","161.41","0.47K","1.82%"
"09/13/2023","161.41","163.37","163.37","161.41","0.55K","-2.88%"
"09/12/2023","166.20","163.37","166.30","158.57","4.41K","1.74%"
"09/11/2023","163.37","158.57","166.30","158.57","4.92K","3.09%"
"09/08/2023","158.47","166.30","166.30","158.47","30.51K","-4.71%"
"09/07/2023","166.30","160.43","166.30","160.43","10.43K","2.41%"
"09/06/2023","162.39","166.30","166.30","162.39","0.76K","-0.60%"
"09/05/2023","163.37","167.28","167.28","163.37","2.13K","-2.34%"
"09/04/2023","167.28","160.33","168.26","160.33","15.21K","5.56%"
"09/01/2023","158.47","157.59","158.47","157.59","1.26K","0.00%"
"08/31/2023","158.47","159.36","159.36","156.03","21.88K","0.62%"
"08/30/2023","157.50","159.45","159.45","157.50","8.53K","-1.23%"
"08/29/2023","159.45","156.62","159.84","156.62","3.72K","1.24%"
"08/25/2023","157.50","158.38","158.38","156.52","1.59K","0.56%"
"08/24/2023","156.62","156.62","156.62","156.62","0.03K","0.06%"
"08/23/2023","156.52","156.81","157.50","156.52","1.63K","-1.23%"
"08/22/2023","158.47","159.84","159.84","158.47","0.92K","0.00%"
"08/18/2023","158.47","160.33","160.33","158.47","0.23K","-1.22%"
"08/17/2023","160.43","160.43","160.43","160.43","0.37K","-0.61%"
"08/16/2023","161.41","160.92","164.34","160.92","12.61K","0.61%"
"08/15/2023","160.43","156.62","161.31","156.52","0.21K","2.31%"
"08/14/2023","156.81","159.45","160.43","156.81","0.41K","-1.66%"
"08/11/2023","159.45","160.04","160.04","159.45","0.85K","-0.49%"
"08/10/2023","160.24","156.52","160.24","156.52","0.54K","2.38%"
"08/09/2023","156.52","157.50","157.50","155.54","0.37K","0.00%"
"08/08/2023","156.52","156.52","160.43","156.52","5.07K","0.00%"
"08/07/2023","156.52","155.64","158.28","155.64","0.86K","0.63%"
"08/04/2023","155.54","160.43","160.43","155.54","0.98K","-0.62%"
"08/03/2023","156.52","160.43","160.43","156.52","7.16K","-2.85%"
"08/02/2023","161.12","161.12","161.12","161.12","0.04K","-0.06%"
"08/01/2023","161.21","161.41","162.39","161.21","3.64K","-0.06%"
"07/31/2023","161.31","161.41","161.41","156.52","4.54K","2.30%"
"07/28/2023","157.69","162.39","162.39","156.52","0.92K","-2.89%"
"07/27/2023","162.39","156.52","162.39","156.52","14.43K","3.11%"
"07/26/2023","157.50","156.52","158.47","156.52","5.32K","1.26%"
"07/25/2023","155.54","159.45","159.45","155.54","8.19K","0.00%"
"07/24/2023","155.54","155.15","159.45","155.15","0.25K","-2.75%"
"07/21/2023","159.94","156.42","159.94","156.42","1.67K","3.15%"
"07/20/2023","155.05","154.66","159.75","154.66","2.14K","-1.37%"
"07/19/2023","157.20","159.84","159.84","155.05","2.60K","-1.71%"
"07/18/2023","159.94","160.33","160.33","158.47","0.49K","-0.24%"
"07/17/2023","160.33","160.33","160.33","160.33","0.02K","3.41%"
"07/14/2023","155.05","161.31","161.31","155.05","2.62K","-3.35%"
"07/13/2023","160.43","160.82","160.82","160.43","0.21K","3.34%"
"07/12/2023","155.25","159.65","160.92","155.15","7.86K","-2.76%"
"07/11/2023","159.65","159.75","160.14","156.52","1.78K","-0.06%"
"07/10/2023","159.75","159.75","159.75","159.65","0.57K","-0.06%"
"07/07/2023","159.84","155.54","160.24","155.05","4.41K","2.96%"
"07/06/2023","155.25","160.43","160.43","155.25","2.82K","-0.81%"
"07/05/2023","156.52","161.31","161.31","156.52","0.38K","-1.23%"
"07/04/2023","158.47","160.33","160.43","156.52","0.76K","-1.40%"
"07/03/2023","160.72","160.43","160.82","157.79","1.19K","-0.12%"
"06/30/2023","160.92","157.50","161.41","156.52","0.29K","2.17%"
"06/29/2023","157.50","160.33","160.33","156.52","1.47K","-1.77%"
"06/27/2023","160.33","156.52","160.33","156.52","1.04K","2.44%"
"06/26/2023","156.52","155.64","160.33","153.68","3.34K","0.38%"
"06/23/2023","155.93","159.84","159.84","154.56","2.05K","-0.38%"
"06/22/2023","156.52","160.33","160.33","155.54","0.59K","-2.85%"
"06/21/2023","161.12","161.31","161.31","153.58","0.58K","-0.12%"
"06/20/2023","161.31","158.47","161.31","153.58","0.25K","3.06%"
"06/19/2023","156.52","155.54","156.52","153.58","5.99K","0.63%"
"06/16/2023","155.54","156.52","157.40","155.34","4.51K","0.13%"
"06/15/2023","155.34","157.40","157.50","152.61","4.08K","-1.31%"
"06/14/2023","157.40","156.62","157.40","156.52","3.16K","0.00%"
"06/13/2023","157.40","157.59","157.59","156.52","69.27K","-0.06%"
"06/09/2023","157.50","156.52","158.38","156.52","19.04K","0.56%"
"06/08/2023","156.62","156.62","158.96","156.62","1.76K","-1.78%"
"06/07/2023","159.45","159.45","159.45","159.45","0.18K","1.24%"
"06/06/2023","157.50","160.33","160.43","157.50","1.55K","-1.53%"
"06/05/2023","159.94","160.33","160.33","159.94","0.32K","1.55%"
"06/02/2023","157.50","157.50","160.33","157.50","2.06K","-0.12%"
"06/01/2023","157.69","160.43","160.43","157.69","0.54K","0.00%"
"05/31/2023","157.69","158.47","160.33","157.59","0.44K","-1.71%"
"05/30/2023","160.43","160.43","160.43","160.43","0.58K","0.00%"
"05/29/2023","160.43","161.41","161.41","160.43","0.21K","0.00%"
"05/26/2023","160.43","160.43","160.43","160.43","1.05K","1.23%"
"05/25/2023","158.47","162.39","162.39","158.47","2.40K","-1.82%"
"05/24/2023","161.41","162.39","162.39","161.41","0.20K","0.00%"
"05/23/2023","161.41","162.39","162.39","158.47","0.67K","0.00%"
"05/22/2023","161.41","164.34","164.34","161.41","0.29K","-1.20%"
"05/19/2023","163.37","162.39","164.34","161.41","1.34K","3.09%"
"05/18/2023","158.47","164.83","164.83","157.50","1.62K","-1.82%"
"05/17/2023","161.41","162.19","162.19","161.41","0.73K","-0.48%"
"05/16/2023","162.19","162.39","164.83","162.19","0.77K","-0.12%"
"05/15/2023","162.39","164.83","164.83","162.39","0.24K","0.61%"
"05/12/2023","161.41","160.43","161.41","160.43","2.24K","0.00%"
"05/11/2023","161.41","161.41","161.41","160.43","0.81K","0.00%"
"05/10/2023","161.41","161.41","161.80","160.43","0.22K","0.00%"
"05/09/2023","161.41","161.70","161.70","161.41","0.41K","0.00%"
"05/08/2023","161.41","161.90","161.90","161.41","1.13K","-0.60%"
"05/05/2023","162.39","162.97","163.37","162.39","0.70K","-0.36%"
"05/04/2023","162.97","165.13","165.13","162.97","2.12K","-0.83%"
"05/03/2023","164.34","165.32","165.32","164.34","0.56K","2.75%"
"05/02/2023","159.94","159.06","165.32","159.06","0.32K","-3.43%"
"04/28/2023","165.62","158.57","165.71","158.47","0.21K","-0.35%"
"04/27/2023","166.20","164.93","169.72","164.93","1.54K","1.55%"
"04/26/2023","163.66","156.71","163.86","156.62","2.23K","-0.24%"
"04/25/2023","164.05","166.20","166.20","164.05","0.06K","4.75%"
"04/24/2023","156.62","163.37","165.32","156.52","2.61K","-5.27%"
"04/20/2023","165.32","165.32","165.32","165.32","0.01K","-0.18%"
"04/19/2023","165.62","166.30","166.30","154.46","1.69K","-0.41%"
"04/18/2023","166.30","163.37","166.30","163.37","0.18K","0.00%"
"04/17/2023","166.30","158.38","166.30","156.52","1.15K","5.00%"
"04/14/2023","158.38","158.96","158.96","156.52","0.63K","1.19%"
"04/13/2023","156.52","160.43","160.43","153.68","2.33K","-1.23%"
"04/12/2023","158.47","163.86","163.86","158.47","0.93K","-1.82%"
"04/11/2023","161.41","166.30","166.30","161.41","0.06K","-4.90%"
"04/05/2023","169.72","169.72","169.72","169.72","0.02K","1.46%"
"04/04/2023","167.28","166.40","170.02","158.47","0.85K","0.59%"
"04/03/2023","166.30","164.34","170.21","164.34","0.73K","1.19%"
"03/31/2023","164.34","170.21","171.19","164.34","0.82K","-1.03%"
"03/30/2023","166.06","166.06","166.06","165.11","16.95K","0.00%"
"03/29/2023","166.06","167.95","167.95","165.58","2.93K","-1.69%"
"03/28/2023","168.90","166.06","170.80","166.06","2.00K","3.31%"
"03/27/2023","163.49","168.90","170.80","163.49","3.97K","-3.20%"
"03/24/2023","168.90","163.21","174.60","163.21","4.53K","4.71%"
"03/23/2023","161.31","153.72","162.26","153.72","6.37K","5.00%"
"03/22/2023","153.63","153.72","153.72","152.77","11.75K","1.06%"
"03/21/2023","152.01","154.67","158.46","152.01","2.00K","-2.02%"
"03/20/2023","155.14","161.31","161.31","148.03","10.54K","-3.82%"
"03/17/2023","161.31","161.31","161.31","161.31","0.36K","3.03%"
"03/16/2023","156.57","156.57","156.57","153.72","0.22K","-2.94%"
"03/15/2023","161.31","161.31","161.31","156.57","0.43K","3.03%"
"03/14/2023","156.57","162.26","162.26","156.57","2.54K","-3.51%"
"03/13/2023","162.26","161.31","162.26","161.31","1.87K","-0.58%"
"03/10/2023","163.21","163.21","166.06","163.21","1.44K","-1.71%"
"03/09/2023","166.06","163.21","166.06","163.21","0.51K","0.00%"
"03/08/2023","166.06","167.95","167.95","166.06","1.80K","-1.13%"
"03/07/2023","167.95","168.90","168.90","166.25","0.16K","0.57%"
"03/06/2023","167.00","167.95","167.95","167.00","0.93K","0.00%"
"03/03/2023","167.00","166.15","167.00","166.15","0.13K","0.51%"
"03/02/2023","166.15","166.06","166.15","166.06","0.37K","-2.18%"
"03/01/2023","169.85","167.95","169.85","165.11","0.78K","0.00%"
"02/28/2023","169.85","169.85","170.80","168.90","0.69K","0.00%"
"02/27/2023","169.85","171.27","171.27","169.85","5.52K","-0.83%"
"02/24/2023","171.27","170.80","171.27","169.85","1.06K","0.00%"
"02/23/2023","171.27","170.80","171.27","169.85","1.06K","1.40%"
"02/22/2023","168.90","168.90","168.90","168.90","0.01K","-1.66%"
"02/21/2023","171.75","170.33","171.75","169.85","0.58K","2.26%"
"02/20/2023","167.95","168.90","168.90","167.95","0.20K","-1.67%"
"02/17/2023","170.80","170.80","170.80","170.80","0.88K","0.00%"
"02/16/2023","170.80","170.80","171.75","170.80","3.38K","1.69%"
"02/15/2023","167.95","172.70","172.70","167.95","0.93K","-3.28%"
"02/14/2023","173.65","171.75","173.65","171.75","1.63K","0.00%"
"02/13/2023","173.65","172.70","173.65","167.00","1.64K","0.00%"
"02/10/2023","173.65","174.12","174.12","172.70","1.33K","1.67%"
"02/09/2023","170.80","175.07","175.07","170.80","1.78K","-2.44%"
"02/08/2023","175.07","175.54","175.54","170.80","0.68K","-0.81%"
"02/07/2023","176.49","179.82","179.82","174.60","0.67K","-1.59%"
"02/06/2023","179.34","169.85","180.29","169.85","5.79K","5.59%"
"02/03/2023","169.85","169.85","170.80","168.90","1.81K","0.00%"
"02/02/2023","169.85","168.90","170.80","168.90","0.74K","1.13%"
"02/01/2023","167.95","167.95","167.95","165.68","1.37K","0.00%"
"01/31/2023","167.95","169.85","169.85","167.95","0.82K","-1.12%"
"01/30/2023","169.85","170.80","170.80","167.95","2.60K","0.00%"
"01/27/2023","169.85","170.33","170.80","169.85","0.84K","-0.56%"
"01/26/2023","170.80","170.80","170.80","166.06","0.86K","0.00%"
"01/25/2023","170.80","169.85","170.80","169.85","2.16K","0.56%"
"01/24/2023","169.85","165.96","170.33","165.11","6.30K","4.07%"
"01/23/2023","163.21","161.12","165.96","161.12","2.67K","2.14%"
"01/20/2023","159.79","158.56","159.89","158.56","3.86K","0.24%"
"01/19/2023","159.41","158.46","159.41","158.46","3.15K","0.60%"
"01/18/2023","158.46","158.28","158.46","157.14","5.29K","0.18%"
"01/17/2023","158.18","158.28","158.28","156.85","1.51K","-0.18%"
"01/16/2023","158.46","156.09","158.46","156.09","7.78K","1.83%"
"01/13/2023","155.62","155.62","156.09","155.62","0.60K","0.00%"
"01/12/2023","155.62","155.33","156.47","155.33","0.81K","0.00%"
"01/11/2023","155.62","155.62","155.62","155.24","0.56K","-0.30%"
"01/10/2023","156.09","156.47","156.47","156.09","0.40K","0.30%"
"01/09/2023","155.62","156.38","156.57","151.82","1.58K","-0.49%"
"01/06/2023","156.38","156.38","156.38","156.28","0.29K","0.06%"
"01/05/2023","156.28","156.28","156.38","151.82","0.65K","0.43%"
"01/04/2023","155.62","155.62","156.28","151.35","0.99K","0.00%"
"01/03/2023","155.62","151.82","156.38","151.82","4.85K","3.80%"
"12/29/2022","149.92","151.44","151.73","148.98","0.59K","0.89%"
"12/28/2022","148.60","151.44","151.44","148.50","5.14K","-1.88%"
"12/27/2022","151.44","148.60","151.44","148.03","3.85K","1.98%"
"12/22/2022","148.50","148.50","148.50","148.50","0.07K","-2.00%"
"12/21/2022","151.54","148.12","151.54","148.03","0.95K","-0.13%"
"12/20/2022","151.73","151.73","151.73","151.73","0.10K","2.50%"
"12/19/2022","148.03","151.63","151.63","148.03","3.40K","-2.44%"
"12/16/2022","151.73","148.03","151.73","147.17","0.14K","2.50%"
"12/15/2022","148.03","146.70","151.16","146.70","2.81K","0.65%"
"12/14/2022","147.08","147.08","147.08","146.60","7.84K","0.58%"
"12/13/2022","146.22","151.73","151.73","146.22","2.55K","-3.63%"
"12/12/2022","151.73","151.73","151.82","151.73","1.35K","0.00%"
"12/09/2022","151.73","151.73","151.82","151.73","0.25K","2.57%"
"12/07/2022","147.93","150.87","151.82","147.93","1.35K","-1.33%"
"12/06/2022","149.92","148.03","149.92","147.08","4.47K","1.28%"
"12/05/2022","148.03","151.82","151.82","148.03","1.07K","-2.50%"
"12/02/2022","151.82","147.55","151.82","146.41","1.76K","3.23%"
"12/01/2022","147.08","148.03","148.03","147.08","12.73K","0.00%"
"11/29/2022","147.08","149.83","149.83","147.08","2.19K","-1.90%"
"11/28/2022","149.92","148.98","149.92","147.46","1.12K","1.80%"
"11/25/2022","147.27","147.27","147.27","147.27","0.01K","0.78%"
"11/24/2022","146.13","149.64","149.64","146.13","1.95K","-2.41%"
"11/23/2022","149.74","147.08","149.74","147.08","0.53K","1.81%"
"11/22/2022","147.08","148.98","148.98","147.08","21.23K","-1.27%"
"11/21/2022","148.98","149.83","149.83","148.98","1.80K","-0.63%"
"11/18/2022","149.92","149.83","149.92","149.83","27.69K","0.38%"
"11/17/2022","149.36","149.83","149.83","148.03","0.81K","-0.32%"
"11/16/2022","149.83","149.83","149.83","149.83","3.12K","0.00%"
"11/15/2022","149.83","149.92","149.92","148.98","0.61K","0.06%"
"11/14/2022","149.74","153.72","153.72","148.98","15.48K","0.45%"
"11/11/2022","149.07","149.92","149.92","149.07","2.84K","-0.57%"
"11/10/2022","149.92","151.82","151.82","148.98","1.09K","-1.25%"
"11/09/2022","151.82","153.72","153.72","150.87","1.53K","-2.62%"
"11/08/2022","155.90","156.47","156.47","155.90","0.12K","1.42%"
"11/07/2022","153.72","151.82","153.72","151.82","1.26K","1.25%"
"11/04/2022","151.82","150.87","156.47","149.07","0.72K","0.63%"
"11/03/2022","150.87","148.60","157.71","148.60","0.15K","1.53%"
"11/02/2022","148.60","155.62","155.62","148.60","0.50K","-5.09%"
"10/28/2022","156.57","156.57","156.57","151.82","0.17K","-0.78%"
"10/27/2022","157.80","159.22","159.22","157.80","0.02K","3.94%"
"10/26/2022","151.82","150.87","156.57","150.87","58.79K","1.59%"
"10/25/2022","149.45","148.98","149.92","148.98","40.90K","-1.50%"
"10/24/2022","151.73","151.82","151.82","151.73","0.83K","-0.06%"
"10/21/2022","151.82","156.57","156.57","151.35","19.81K","-5.16%"
"10/20/2022","160.08","151.82","160.17","147.93","18.77K","5.44%"
"10/19/2022","151.82","151.82","151.82","151.82","0.16K","0.00%"
"10/18/2022","151.82","151.82","151.82","151.82","0.48K","0.06%"
"10/17/2022","151.73","151.82","151.82","151.73","0.18K","0.00%"
"10/14/2022","151.73","151.82","151.82","151.73","0.37K","-0.06%"
"10/13/2022","151.82","147.17","151.82","147.17","6.20K","0.00%"
"10/12/2022","151.82","151.63","151.82","147.65","6.55K","0.13%"
"10/11/2022","151.63","147.08","151.63","147.08","0.15K","3.10%"
"10/10/2022","147.08","148.98","148.98","147.08","7.63K","0.00%"
"10/07/2022","147.08","148.98","150.87","147.08","6.42K","-3.00%"
"10/06/2022","151.63","148.60","151.63","147.08","14.26K","3.77%"
"10/05/2022","146.13","145.75","148.98","145.75","1.60K","0.65%"
"10/04/2022","145.18","148.03","148.03","144.23","0.39K","-1.29%"
"10/03/2022","147.08","147.17","150.68","147.08","0.22K","-2.39%"
"09/30/2022","150.68","150.87","150.87","147.08","1.40K","-0.75%"
"09/29/2022","151.82","151.73","151.82","151.73","0.07K","0.00%"
"09/28/2022","151.82","147.08","151.82","143.47","2.03K","3.23%"
"09/27/2022","147.08","151.82","151.82","147.08","2.53K","-3.13%"
"09/26/2022","151.82","148.03","151.82","148.03","2.27K","0.00%"
"09/23/2022","151.82","148.03","151.82","148.03","2.27K","0.06%"
"09/22/2022","151.73","149.92","151.73","148.98","20.28K","1.20%"
"09/21/2022","149.92","150.87","150.87","149.92","2.75K","-1.25%"
"09/20/2022","151.82","151.35","151.82","150.87","2.61K","0.31%"
"09/19/2022","151.35","151.82","151.82","151.35","0.42K","0.00%"
"09/16/2022","151.35","151.82","151.82","151.35","0.38K","0.00%"
"09/15/2022","151.35","151.35","151.35","151.16","1.93K","0.00%"
"09/14/2022","151.35","151.44","151.82","151.35","1.59K","-0.06%"
"09/13/2022","151.44","151.82","151.82","151.44","2.26K","-0.13%"
"09/12/2022","151.63","151.82","151.82","151.63","0.60K","0.00%"
"09/09/2022","151.63","151.82","151.82","151.63","0.46K","0.13%"
"09/08/2022","151.44","151.44","151.82","151.44","7.76K","0.00%"
"09/07/2022","151.44","151.82","151.82","151.44","23.25K","-0.25%"
"09/06/2022","151.82","151.82","151.82","151.73","15.54K","0.06%"
"09/05/2022","151.73","151.73","151.73","151.35","0.35K","0.00%"
"09/02/2022","151.73","151.82","151.82","151.73","3.72K","0.00%"
"09/01/2022","151.73","151.16","151.82","151.16","0.43K","0.44%"
"08/31/2022","151.06","151.73","151.82","150.87","5.46K","-0.44%"
"08/30/2022","151.73","151.82","151.82","151.73","1.17K","0.00%"
"08/26/2022","151.73","151.73","151.82","151.73","1.43K","0.00%"
"08/25/2022","151.73","151.82","151.82","151.73","0.86K","-0.06%"
"08/24/2022","151.82","151.82","151.82","150.87","2.51K","0.00%"
"08/23/2022","151.82","151.82","160.27","151.73","14.25K","0.06%"
"08/22/2022","151.73","151.73","151.73","149.92","1.10K","0.57%"
"08/19/2022","150.87","152.77","152.77","150.87","18.50K","-0.63%"
"08/18/2022","151.82","151.82","151.82","151.44","4.85K","0.00%"
"08/17/2022","151.82","151.82","153.72","151.82","12.41K","0.00%"
"08/16/2022","151.82","151.82","153.72","151.73","10.27K","0.00%"
"08/15/2022","151.82","151.82","154.67","151.73","11.81K","0.00%"
"08/12/2022","151.82","151.82","151.82","151.82","6.27K","0.00%"
"08/11/2022","151.82","151.73","151.82","151.73","24.72K","0.00%"
"08/10/2022","151.82","151.82","151.82","151.82","3.12K","0.00%"
"08/09/2022","151.82","151.82","151.82","151.82","2.89K","0.44%"
"08/08/2022","151.16","156.57","156.57","150.87","5.69K","-3.45%"
"08/05/2022","156.57","157.71","158.46","156.57","2.25K","-0.72%"
"08/04/2022","157.71","160.36","160.36","157.52","2.65K","-1.66%"
"08/03/2022","160.36","160.17","160.36","160.17","1.47K","0.12%"
"08/02/2022","160.17","160.36","160.36","160.17","1.18K","-0.12%"
"08/01/2022","160.36","161.31","161.31","160.36","4.99K","0.00%"
"07/29/2022","160.36","161.31","161.31","160.36","1.55K","-0.59%"
"07/28/2022","161.31","164.16","164.16","161.31","1.42K","0.00%"
"07/27/2022","161.31","164.16","164.16","161.31","1.96K","-1.73%"
"07/26/2022","164.16","165.96","165.96","164.16","0.33K","-1.14%"
"07/25/2022","166.06","165.11","166.06","165.11","0.98K","0.00%"
"07/22/2022","166.06","165.11","167.00","165.11","0.58K","0.57%"
"07/21/2022","165.11","164.16","166.06","162.26","1.17K","0.58%"
"07/20/2022","164.16","165.11","165.11","164.16","0.25K","-1.14%"
"07/19/2022","166.06","162.26","166.06","162.26","0.08K","0.00%"
"07/18/2022","166.06","161.41","168.43","161.41","3.62K","0.57%"
"07/15/2022","165.11","166.06","167.95","165.11","1.70K","-0.51%"
"07/14/2022","165.96","167.95","167.95","165.68","1.16K","-1.74%"
"07/13/2022","168.90","170.80","171.27","168.90","6.37K","0.00%"
"07/12/2022","168.90","170.80","170.80","168.90","2.99K","-1.11%"
"07/11/2022","170.80","174.60","175.45","170.80","3.53K","-2.17%"
"07/08/2022","174.60","177.25","177.25","170.80","2.39K","-1.50%"
"07/07/2022","177.25","178.30","178.30","177.25","0.48K","0.97%"
"07/06/2022","175.54","178.39","178.39","170.80","6.08K","-1.54%"
"07/05/2022","178.30","175.45","178.30","175.45","1.62K","2.12%"
"07/04/2022","174.60","177.25","177.25","174.60","0.92K","-1.60%"
"07/01/2022","177.44","175.54","177.44","175.54","0.16K","1.08%"
"06/30/2022","175.54","176.97","176.97","175.54","2.63K","-0.80%"
"06/29/2022","176.97","177.25","177.44","176.49","0.48K","-0.27%"
"06/28/2022","177.44","178.39","178.39","177.44","0.91K","0.05%"
"06/27/2022","177.35","180.29","180.29","177.35","8.16K","-1.63%"
"06/24/2022","180.29","180.29","180.29","180.29","5.32K","0.00%"
"06/23/2022","180.29","180.38","180.38","180.29","3.36K","0.00%"
"06/22/2022","180.29","188.83","188.83","180.29","1.16K","0.00%"
"06/21/2022","180.29","181.24","182.19","180.29","2.50K","-0.52%"
"06/20/2022","181.24","189.78","189.78","181.24","1.30K","-0.62%"
"06/17/2022","182.38","182.28","182.38","182.28","0.26K","0.05%"
"06/16/2022","182.28","182.19","182.28","182.19","0.38K","0.05%"
"06/15/2022","182.19","182.00","182.19","182.00","0.16K","-3.52%"
"06/14/2022","188.83","188.83","188.83","188.83","0.17K","3.92%"
"06/13/2022","181.71","181.71","181.71","181.62","0.07K","0.05%"
"06/10/2022","181.62","189.78","189.78","181.62","0.27K","-4.30%"
"06/09/2022","189.78","189.78","193.57","182.19","10.77K","0.00%"
"06/08/2022","189.78","188.83","189.78","188.83","0.69K","0.10%"
"06/07/2022","189.59","180.57","189.78","180.57","0.13K","5.10%"
"06/06/2022","180.38","193.57","193.57","180.38","1.54K","-3.99%"
"06/03/2022","187.88","187.88","187.88","187.88","1.11K","0.00%"
"06/02/2022","187.88","195.47","195.47","181.71","0.44K","1.54%"
"06/01/2022","185.03","195.47","195.47","180.76","0.59K","-2.50%"
"05/31/2022","189.78","189.78","194.52","188.83","30.76K","0.00%"
"05/30/2022","189.78","180.48","195.47","180.48","0.25K","5.21%"
"05/27/2022","180.38","185.03","185.03","180.29","6.14K","-2.56%"
"05/26/2022","185.13","187.88","187.88","185.13","2.67K","-1.96%"
"05/25/2022","188.83","189.59","189.59","188.36","7.83K","-0.50%"
"05/24/2022","189.78","189.78","189.78","189.59","25.17K","0.00%"
"05/23/2022","189.78","189.78","189.78","189.59","3.23K","0.00%"
"05/20/2022","189.78","193.76","196.42","189.78","4.29K","-3.85%"
"05/19/2022","197.37","196.99","197.37","193.76","35.27K","4.00%"
"05/18/2022","189.78","189.78","189.78","189.68","0.47K","0.10%"
"05/17/2022","189.59","189.78","189.78","189.59","2.49K","-0.10%"
"05/16/2022","189.78","194.52","198.32","189.78","1.22K","-2.44%"
"05/13/2022","194.52","189.78","194.52","189.78","0.10K","1.49%"
"05/12/2022","191.68","196.42","196.42","189.59","3.43K","-2.88%"
"05/11/2022","197.37","197.37","197.37","196.42","4.06K","-0.95%"
"05/10/2022","199.27","197.37","199.27","197.37","7.69K","0.96%"
"05/06/2022","197.37","199.27","199.27","197.37","4.22K","-0.95%"
"05/05/2022","199.27","192.81","199.27","192.81","0.27K","3.96%"
"05/04/2022","191.68","191.68","191.68","191.68","0.05K","-3.81%"
"04/29/2022","199.27","201.92","201.92","191.11","1.14K","0.96%"
"04/28/2022","197.37","197.37","197.37","197.37","0.07K","0.00%"
"04/27/2022","197.37","194.90","197.37","194.90","0.24K","1.36%"
"04/26/2022","194.71","194.90","194.90","194.71","0.53K","-1.82%"
"04/25/2022","198.32","202.11","202.11","198.32","0.03K","2.45%"
"04/22/2022","193.57","194.52","194.52","192.63","1.51K","0.89%"
"04/21/2022","191.87","190.92","201.54","190.92","0.55K","-0.39%"
"04/20/2022","192.63","195.66","195.66","192.63","0.03K","0.50%"
"04/19/2022","191.68","191.68","191.68","191.68","0.12K","0.00%"
"04/18/2022","191.68","203.44","203.44","191.68","1.22K","-6.86%"
"04/13/2022","205.80","205.80","208.00","205.80","5.88K","5.49%"
"04/12/2022","195.09","195.47","195.47","191.87","5.53K","-3.90%"
"04/11/2022","203.00","203.00","203.00","203.00","0.48K","-0.98%"
"04/08/2022","205.00","204.00","205.00","204.00","2.17K","2.50%"
"04/07/2022","200.00","204.80","204.80","200.00","3.54K","-0.50%"
"04/06/2022","201.00","201.00","205.40","200.20","7.60K","0.00%"
"04/05/2022","201.00","201.00","206.60","200.00","2.70K","0.40%"
"04/04/2022","200.20","204.80","208.80","200.20","0.59K","-2.25%"
"04/01/2022","204.80","211.20","211.20","200.00","2.11K","-1.06%"
"03/31/2022","207.00","200.00","207.80","200.00","0.32K","9.07%"
"03/30/2022","189.78","189.78","189.78","189.78","1.05K","-5.11%"
"03/28/2022","200.00","200.00","200.00","199.80","0.69K","-0.99%"
"03/25/2022","202.00","202.00","202.00","202.00","0.01K","1.00%"
"03/24/2022","200.00","205.00","205.00","200.00","1.04K","0.00%"
"03/23/2022","200.00","200.00","200.00","200.00","0.38K","0.00%"
"03/22/2022","200.00","200.00","202.00","200.00","0.74K","0.00%"
"03/21/2022","200.00","203.60","203.60","200.00","7.66K","3.62%"
"03/18/2022","193.00","190.54","204.01","190.16","1.83K","-8.62%"
"03/17/2022","211.20","200.20","211.20","200.20","0.23K","-0.28%"
"03/16/2022","211.80","211.80","211.80","211.80","0.01K","0.00%"
"03/15/2022","211.80","212.00","212.00","200.60","4.07K","7.83%"
"03/14/2022","196.42","198.32","204.96","196.42","0.40K","-0.96%"
"03/11/2022","198.32","198.32","201.17","198.32","0.31K","-5.11%"
"03/10/2022","209.00","210.00","218.80","209.00","0.39K","1.46%"
"03/09/2022","206.00","202.20","206.00","202.00","2.82K","7.47%"
"03/08/2022","191.68","194.52","194.52","189.78","3.93K","-1.46%"
"03/07/2022","194.52","202.11","202.11","189.78","2.40K","-8.67%"
"03/04/2022","213.00","212.00","217.00","212.00","1.73K","-4.91%"
"03/03/2022","224.00","223.80","224.00","211.20","5.13K","0.00%"
"03/02/2022","224.00","224.60","224.60","210.20","0.53K","8.79%"
"03/01/2022","205.91","206.09","206.09","202.23","1.52K","-0.18%"
"02/28/2022","206.28","201.31","206.46","181.09","38.28K","2.00%"
"02/24/2022","202.23","202.23","206.46","202.23","3.92K","-8.08%"
"02/23/2022","220.00","221.00","224.00","220.00","0.42K","-0.45%"
"02/22/2022","221.00","224.00","224.60","213.80","9.68K","-1.34%"
"02/21/2022","224.00","224.80","224.80","215.00","6.75K","-0.44%"
"02/18/2022","225.00","221.00","225.00","221.00","2.19K","10.26%"
"02/17/2022","204.07","192.12","205.91","192.12","24.43K","-2.36%"
"02/16/2022","209.00","210.00","210.00","208.60","6.12K","-0.48%"
"02/15/2022","210.00","209.00","210.00","209.00","5.14K","0.48%"
"02/14/2022","209.00","209.00","215.00","209.00","0.04K","-2.79%"
"02/11/2022","215.00","215.00","215.00","215.00","0.03K","0.00%"
"02/10/2022","215.00","215.00","215.00","210.00","0.11K","8.79%"
"02/09/2022","197.64","193.04","197.64","193.04","0.15K","-5.53%"
"02/08/2022","209.20","209.20","210.00","209.20","0.27K","0.58%"
"02/07/2022","208.00","209.60","209.60","208.00","0.70K","-0.76%"
"02/04/2022","209.60","210.00","210.00","209.60","0.50K","0.29%"
"02/03/2022","209.00","210.00","210.00","209.00","0.23K","-0.48%"
"02/02/2022","210.00","209.00","210.00","208.00","0.57K","0.00%"
"01/31/2022","210.00","210.00","210.00","208.00","0.72K","0.38%"
"01/28/2022","209.20","209.00","209.20","209.00","0.53K","0.10%"
"01/27/2022","209.00","210.00","210.00","209.00","0.21K","-0.48%"
"01/26/2022","210.00","210.00","210.00","209.00","1.25K","0.00%"
"01/25/2022","210.00","210.00","210.00","210.00","1.12K","0.00%"
"01/24/2022","210.00","210.00","210.00","210.00","0.80K","-2.33%"
"01/21/2022","215.00","215.00","215.00","215.00","0.16K","0.00%"
"01/20/2022","215.00","215.00","215.80","215.00","0.46K","0.00%"
"01/19/2022","215.00","214.00","215.80","214.00","4.62K","0.47%"
"01/18/2022","214.00","212.00","214.00","210.00","0.56K","0.94%"
"01/17/2022","212.00","209.60","212.00","209.60","0.08K","0.95%"
"01/14/2022","210.00","210.00","210.00","210.00","0.01K","0.00%"
"01/13/2022","210.00","210.20","210.20","209.00","0.64K","-0.94%"
"01/12/2022","212.00","212.00","212.00","212.00","0.02K","0.86%"
"01/11/2022","210.20","215.80","215.80","210.20","0.07K","0.00%"
"01/10/2022","210.20","210.20","210.20","210.20","0.10K","0.00%"
"01/07/2022","210.20","213.00","215.00","210.20","0.53K","-1.78%"
"01/06/2022","214.00","214.00","214.00","214.00","0.03K","-0.47%"
"01/05/2022","215.00","215.00","215.00","215.00","0.06K","1.90%"
"01/03/2022","211.00","208.40","211.00","208.40","0.08K","-1.86%"
"12/31/2021","215.00","215.80","215.80","215.00","0.31K","-0.37%"
"12/29/2021","215.80","210.00","215.80","210.00","0.17K","2.76%"
"12/28/2021","210.00","215.80","215.80","210.00","1.94K","-2.69%"
"12/27/2021","215.80","212.00","215.80","211.40","0.07K","2.18%"
"12/24/2021","211.20","211.20","211.20","211.20","0.01K","-2.22%"
"12/23/2021","216.00","216.00","216.00","216.00","0.20K","2.27%"
"12/22/2021","211.20","215.00","215.20","211.20","0.86K","-2.22%"
"12/21/2021","216.00","216.00","216.00","216.00","0.57K","0.00%"
"12/20/2021","216.00","212.80","216.60","212.80","0.22K","-0.28%"
"12/17/2021","216.60","216.00","216.80","216.00","0.32K","0.28%"
"12/16/2021","216.00","213.60","216.00","213.60","0.63K","1.22%"
"12/15/2021","213.40","213.40","213.60","213.00","2.15K","0.00%"
"12/14/2021","213.40","213.60","213.60","213.40","0.16K","0.19%"
"12/13/2021","213.00","213.40","213.40","213.00","0.08K","-0.19%"
"12/10/2021","213.40","213.40","213.60","210.00","12.23K","4.61%"
"12/09/2021","204.00","205.00","206.00","204.00","1.41K","-0.49%"
"12/07/2021","205.00","207.00","207.00","205.00","2.05K","-0.97%"
"12/06/2021","207.00","207.00","207.00","205.00","1.88K","0.00%"
"12/03/2021","207.00","209.00","209.00","207.00","1.48K","-0.96%"
"12/02/2021","209.00","206.00","209.00","206.00","0.25K","1.46%"
"12/01/2021","206.00","213.00","213.00","206.00","2.70K","-3.29%"
"11/29/2021","213.00","213.60","213.60","209.00","0.43K","-0.47%"
"11/26/2021","214.00","217.80","217.80","214.00","0.17K","2.39%"
"11/25/2021","209.00","210.20","210.20","209.00","7.54K","-4.57%"
"11/24/2021","219.00","219.00","220.00","218.00","0.80K","0.18%"
"11/23/2021","218.60","209.00","218.60","208.00","2.65K","4.59%"
"11/22/2021","209.00","213.00","213.00","209.00","5.92K","-0.48%"
"11/19/2021","210.00","218.00","218.00","210.00","0.45K","-3.67%"
"11/18/2021","218.00","219.00","219.00","218.00","0.83K","-0.46%"
"11/17/2021","219.00","220.00","220.00","209.40","6.67K","-0.45%"
"11/16/2021","220.00","221.00","223.00","219.60","0.81K","-0.90%"
"11/15/2021","222.00","219.80","222.00","219.80","2.31K","1.37%"
"11/12/2021","219.00","219.80","219.80","218.00","0.25K","-0.36%"
"11/11/2021","219.80","214.00","219.80","214.00","0.20K","2.71%"
"11/10/2021","214.00","220.00","220.00","210.00","10.85K","-2.73%"
"11/09/2021","220.00","224.80","224.80","219.60","7.59K","-2.14%"
"11/08/2021","224.80","219.00","224.80","219.00","0.44K","2.18%"
"11/05/2021","220.00","219.40","220.00","219.00","1.18K","0.27%"
"11/04/2021","219.40","219.60","219.60","219.40","0.83K","-0.09%"
"11/03/2021","219.60","230.00","230.00","219.20","0.77K","-0.18%"
"11/02/2021","220.00","220.00","220.00","219.20","0.63K","0.00%"
"10/29/2021","220.00","220.00","220.00","219.20","0.63K","0.00%"
"10/28/2021","220.00","220.40","220.40","220.00","1.10K","-0.09%"
"10/27/2021","220.20","230.00","230.00","220.20","0.12K","-4.26%"
"10/26/2021","230.00","224.00","230.00","224.00","17.80K","2.77%"
"10/25/2021","223.80","224.00","224.00","223.80","0.40K","-0.53%"
"10/22/2021","225.00","219.80","225.00","219.00","2.02K","2.46%"
"10/21/2021","219.60","219.40","219.60","219.40","1.02K","-2.40%"
"10/20/2021","225.00","225.00","225.00","225.00","1.52K","-0.79%"
"10/19/2021","226.80","226.80","226.80","226.80","0.91K","-0.44%"
"10/18/2021","227.80","228.80","228.80","227.80","0.04K","-0.52%"
"10/15/2021","229.00","229.00","229.00","229.00","0.04K","-0.43%"
"10/14/2021","230.00","230.00","230.00","219.00","0.71K","0.00%"
"10/13/2021","230.00","217.00","230.00","217.00","24.96K","5.99%"
"10/12/2021","217.00","219.00","219.00","217.00","5.54K","-0.91%"
"10/11/2021","219.00","222.80","222.80","219.00","3.16K","-2.14%"
"10/08/2021","223.80","224.80","224.80","219.00","0.43K","-0.09%"
"10/07/2021","224.00","218.20","224.00","218.20","3.80K","-1.32%"
"10/06/2021","227.00","228.00","228.00","220.00","7.21K","-0.53%"
"10/05/2021","228.20","219.80","228.60","215.00","2.00K","-0.26%"
"10/04/2021","228.80","229.00","229.00","220.00","1.51K","-0.09%"
"10/01/2021","229.00","225.00","230.00","225.00","8.62K","1.78%"
"09/30/2021","225.00","219.80","229.80","215.00","1.64K","2.37%"
"09/29/2021","219.80","227.00","227.00","208.00","9.97K","-3.60%"
"09/28/2021","228.00","225.20","230.00","225.00","0.55K","1.24%"
"09/27/2021","225.20","225.00","234.00","225.00","0.20K","-3.68%"
"09/24/2021","233.80","230.00","233.80","230.00","0.39K","2.10%"
"09/23/2021","229.00","224.20","229.00","224.20","0.71K","2.14%"
"09/22/2021","224.20","229.00","229.00","216.00","15.06K","-0.80%"
"09/21/2021","226.00","227.40","227.40","226.00","7.96K","-0.62%"
"09/20/2021","227.40","230.40","230.40","227.40","3.06K","-1.22%"
"09/17/2021","230.20","230.20","235.00","230.20","1.52K","-1.62%"
"09/16/2021","234.00","235.00","235.00","234.00","2.37K","-0.43%"
"09/15/2021","235.00","237.80","248.00","235.00","30.65K","3.07%"
"09/14/2021","228.00","228.20","234.80","228.00","3.69K","-0.87%"
"09/13/2021","230.00","238.00","238.00","230.00","3.64K","-3.36%"
"09/10/2021","238.00","245.60","246.80","230.20","4.85K","-0.83%"
"09/09/2021","240.00","238.00","247.00","232.00","20.08K","0.84%"
"09/08/2021","238.00","239.40","239.40","238.00","1.02K","-2.30%"
"09/07/2021","243.60","231.00","244.00","231.00","28.46K","5.45%"
"09/06/2021","231.00","225.00","232.00","225.00","0.25K","-1.70%"
"09/03/2021","235.00","231.00","236.00","225.00","46.59K","1.73%"
"09/02/2021","231.00","220.00","236.00","220.00","13.85K","5.00%"
"09/01/2021","220.00","217.00","229.00","215.00","9.94K","1.38%"
"08/31/2021","217.00","215.00","217.20","210.20","25.35K","5.85%"
"08/27/2021","205.00","214.00","214.80","205.00","5.95K","-4.65%"
"08/26/2021","215.00","215.80","216.00","214.00","1.06K","-0.37%"
"08/25/2021","215.80","216.00","216.00","212.00","0.24K","-0.09%"
"08/24/2021","216.00","216.00","216.00","216.00","0.11K","0.00%"
"08/23/2021","216.00","216.00","216.00","205.00","11.10K","0.00%"
"08/20/2021","216.00","218.00","220.00","216.00","20.57K","-0.46%"
"08/19/2021","217.00","217.00","223.00","206.00","24.93K","-0.46%"
"08/18/2021","218.00","208.40","218.00","208.40","0.07K","-0.46%"
"08/17/2021","219.00","210.00","220.00","208.00","41.27K","4.29%"
"08/16/2021","210.00","209.00","210.00","205.00","2.69K","0.29%"
"08/13/2021","209.40","217.00","217.00","208.20","1.06K","-2.60%"
"08/12/2021","215.00","215.00","216.00","215.00","0.22K","0.00%"
"08/11/2021","215.00","210.00","215.00","210.00","22.58K","2.38%"
"08/10/2021","210.00","214.80","217.80","208.20","3.03K","-2.23%"
"08/09/2021","214.80","209.40","220.00","209.40","25.06K","2.58%"
"08/06/2021","209.40","219.00","219.00","200.00","42.46K","-4.38%"
"08/05/2021","219.00","231.80","231.80","210.00","56.91K","-5.52%"
"08/04/2021","231.80","239.00","239.00","231.80","0.58K","-3.01%"
"08/03/2021","239.00","239.40","239.40","230.00","4.15K","-0.17%"
"08/02/2021","239.40","220.00","239.40","216.00","8.03K","6.78%"
"07/30/2021","224.20","215.00","225.40","215.00","24.55K","3.80%"
"07/29/2021","216.00","210.20","224.80","209.00","13.74K","2.86%"
"07/28/2021","210.00","220.00","220.00","210.00","1.53K","-4.55%"
"07/27/2021","220.00","222.60","226.60","220.00","1.82K","-2.91%"
"07/26/2021","226.60","229.00","229.00","220.00","2.00K","-1.13%"
"07/23/2021","229.20","234.40","237.20","223.20","0.87K","-2.39%"
"07/22/2021","234.80","228.00","239.60","210.00","19.01K","2.71%"
"07/21/2021","228.60","232.00","232.00","228.60","1.22K","-1.55%"
"07/19/2021","232.20","240.00","240.00","215.00","6.97K","-4.84%"
"07/16/2021","244.00","247.60","247.60","240.00","2.10K","-1.21%"
"07/15/2021","247.00","250.00","250.00","247.00","3.51K","0.08%"
"07/14/2021","246.80","233.20","250.00","233.20","63.28K","3.70%"
"07/13/2021","238.00","220.00","245.00","220.00","22.78K","6.44%"
"07/12/2021","223.60","225.40","225.40","223.60","7.40K","-0.09%"
"07/09/2021","223.80","227.60","227.60","217.00","3.08K","-1.76%"
"07/08/2021","227.80","230.00","230.00","220.00","10.30K","-0.96%"
"07/07/2021","230.00","220.00","230.00","213.00","38.74K","4.55%"
"07/06/2021","220.00","212.00","220.00","210.00","29.79K","3.77%"
"07/05/2021","212.00","209.20","212.00","209.20","0.34K","0.00%"
"07/02/2021","212.00","209.00","212.00","204.60","7.22K","1.44%"
"07/01/2021","209.00","209.00","210.00","209.00","2.09K","0.00%"
"06/30/2021","209.00","208.20","209.00","200.00","39.03K","0.97%"
"06/29/2021","207.00","208.20","208.20","205.00","31.67K","-0.48%"
"06/28/2021","208.00","208.20","208.20","208.00","0.07K","-0.10%"
"06/25/2021","208.20","208.00","208.20","206.20","22.82K","0.10%"
"06/24/2021","208.00","199.00","208.00","199.00","41.52K","5.53%"
"06/23/2021","197.10","199.00","199.00","197.00","1.87K","-0.95%"
"06/22/2021","199.00","198.50","199.00","198.10","1.56K","-0.50%"
"06/21/2021","200.00","205.00","205.00","198.50","8.83K","-2.44%"
"06/18/2021","205.00","208.60","208.60","201.20","1.59K","-1.44%"
"06/17/2021","208.00","207.00","208.00","201.00","24.10K","0.48%"
"06/16/2021","207.00","201.00","207.00","201.00","33.92K","2.99%"
"06/15/2021","201.00","203.60","205.60","199.00","10.39K","-0.99%"
"06/14/2021","203.00","204.00","204.00","198.80","2.27K","-0.49%"
"06/11/2021","204.00","205.00","205.80","198.10","11.66K","-0.49%"
"06/10/2021","205.00","205.00","206.60","197.60","36.65K","-0.49%"
"06/09/2021","206.00","206.00","206.20","196.70","19.36K","0.00%"
"06/08/2021","206.00","199.00","206.00","196.20","10.37K","3.52%"
"06/07/2021","199.00","205.00","205.00","197.00","11.19K","-3.40%"
"06/04/2021","206.00","206.00","206.00","195.00","78.79K","-0.48%"
"06/03/2021","207.00","191.30","210.00","191.30","79.46K","6.15%"
"06/02/2021","195.00","183.50","199.90","180.70","17.38K","6.32%"
"06/01/2021","183.40","175.20","186.30","170.10","5.06K","4.50%"
"05/31/2021","175.50","168.00","200.00","168.00","12.72K","4.46%"
"05/28/2021","168.00","167.00","169.00","167.00","0.54K","-1.18%"
"05/27/2021","170.00","167.10","170.00","165.00","3.66K","1.80%"
"05/26/2021","167.00","165.00","167.00","165.00","18.23K","1.21%"
"05/25/2021","165.00","164.90","165.90","161.00","51.58K","0.36%"
"05/24/2021","164.40","161.00","164.50","160.00","4.57K","1.86%"
"05/21/2021","161.40","161.60","164.90","161.40","0.77K","-0.12%"
"05/20/2021","161.60","161.50","162.00","160.90","0.91K","0.31%"
"05/19/2021","161.10","156.00","165.00","156.00","65.50K","3.27%"
"05/18/2021","156.00","155.00","156.00","155.00","3.42K","1.83%"
"05/17/2021","153.20","155.90","159.90","153.10","2.27K","-1.73%"
"05/14/2021","155.90","155.00","156.60","153.10","2.93K","0.58%"
"05/12/2021","155.00","155.00","155.00","153.20","30.61K","0.00%"
"05/11/2021","155.00","160.00","160.00","153.10","8.91K","-2.64%"
"05/10/2021","159.20","157.00","159.20","155.30","4.05K","2.64%"
"05/07/2021","155.10","155.00","157.00","155.00","0.75K","-3.06%"
"05/06/2021","160.00","154.00","160.00","154.00","20.64K","4.58%"
"05/05/2021","153.00","153.10","153.10","153.00","3.40K","0.59%"
"05/04/2021","152.10","157.10","160.00","152.00","66.16K","-3.12%"
"05/03/2021","157.00","160.00","160.00","157.00","3.40K","-2.12%"
"04/30/2021","160.40","160.00","160.90","157.00","12.96K","-0.37%"
"04/29/2021","161.00","157.00","163.00","157.00","18.66K","3.87%"
"04/28/2021","155.00","152.00","155.00","152.00","16.50K","1.97%"
"04/27/2021","152.00","149.40","152.50","149.40","37.40K","3.40%"
"04/26/2021","147.00","147.00","147.00","147.00","0.12K","0.00%"
"04/23/2021","147.00","148.40","148.50","147.00","5.63K","-0.27%"
"04/22/2021","147.40","147.40","147.40","147.40","0.01K","0.14%"
"04/21/2021","147.20","147.20","147.20","147.20","0.08K","0.00%"
"04/20/2021","147.20","149.80","149.90","147.20","0.97K","-0.41%"
"04/19/2021","147.80","148.00","148.00","147.80","3.89K","-0.14%"
"04/16/2021","148.00","146.00","148.00","145.80","9.11K","1.37%"
"04/15/2021","146.00","146.00","146.00","144.00","0.65K","0.00%"
"04/14/2021","146.00","145.70","146.00","143.10","7.07K","0.00%"
"04/13/2021","146.00","146.00","146.20","142.00","19.22K","0.00%"
"04/12/2021","146.00","144.30","146.00","143.20","23.94K","1.11%"
"04/08/2021","144.40","143.80","144.40","142.00","2.20K","0.42%"
"04/07/2021","143.80","143.90","144.90","143.80","2.32K","0.00%"
"04/06/2021","143.80","141.00","143.80","141.00","0.53K","1.27%"
"04/05/2021","142.00","142.00","143.80","140.00","2.45K","-0.56%"
"03/31/2021","142.80","143.80","143.80","141.00","4.41K","1.20%"
"03/30/2021","141.10","140.00","143.90","140.00","5.16K","-1.95%"
"03/29/2021","143.90","141.50","144.40","140.00","2.33K","1.91%"
"03/26/2021","141.20","144.00","144.00","140.10","3.06K","-1.94%"
"03/25/2021","144.00","145.00","145.50","144.00","8.04K","0.00%"
"03/24/2021","144.00","144.00","144.90","142.10","8.89K","0.00%"
"03/23/2021","144.00","145.00","145.90","144.00","3.62K","-1.71%"
"03/22/2021","146.50","142.10","146.90","141.00","4.60K","3.10%"
"03/19/2021","142.10","147.00","147.00","142.10","0.88K","-3.33%"
"03/18/2021","147.00","144.00","147.00","143.00","34.89K","2.08%"
"03/17/2021","144.00","142.00","144.80","142.00","33.70K","-4.00%"
"03/16/2021","150.00","149.50","150.50","149.50","869.34K","0.00%"
"03/15/2021","150.00","150.50","150.50","149.00","509.48K","-0.27%"
"03/12/2021","150.40","150.20","150.70","150.20","3.21K","-0.07%"
"03/11/2021","150.50","150.70","150.70","150.50","1.95K","-0.13%"
"03/10/2021","150.70","150.30","151.10","150.30","18.89K","0.20%"
"03/09/2021","150.40","150.60","151.00","150.10","21.30K","-0.07%"
"03/08/2021","150.50","151.30","153.00","150.50","43.13K","-0.46%"
"03/05/2021","151.20","151.00","151.30","150.50","17.55K","0.20%"
"03/04/2021","150.90","151.20","152.50","150.50","32.44K","-0.13%"
"03/03/2021","151.10","151.30","151.30","150.50","23.51K","-0.13%"
"03/02/2021","151.30","151.00","152.00","150.50","20.29K","0.33%"
"03/01/2021","150.80","152.90","152.90","150.00","44.40K","1.34%"
"02/26/2021","148.80","146.80","151.00","146.50","116.15K","1.36%"
"02/24/2021","146.80","147.20","147.20","146.80","3.45K","-0.81%"
"02/23/2021","148.00","148.40","148.40","147.50","6.25K","-0.34%"
"02/22/2021","148.50","149.00","149.00","148.50","1.42K","-0.34%"
"02/19/2021","149.00","149.50","149.50","149.00","18.97K","-0.33%"
"02/18/2021","149.50","149.70","150.50","149.10","3.42K","-0.86%"
"02/17/2021","150.80","151.50","151.90","149.70","16.38K","-0.13%"
"02/16/2021","151.00","151.00","151.50","150.70","8.82K","0.33%"
"02/15/2021","150.50","153.00","153.00","150.50","11.39K","-0.66%"
"02/11/2021","151.50","153.50","153.50","151.50","7.64K","0.13%"
"02/10/2021","151.30","151.90","152.00","151.00","2.51K","-0.79%"
"02/09/2021","152.50","153.80","153.80","151.20","8.28K","-0.85%"
"02/08/2021","153.80","152.90","153.80","151.40","2.28K","0.59%"
"02/05/2021","152.90","151.60","153.70","151.30","3.00K","-0.07%"
"02/04/2021","153.00","153.90","153.90","153.00","0.54K","0.00%"
"02/03/2021","153.00","153.90","154.00","153.00","3.61K","-0.52%"
"02/02/2021","153.80","153.00","154.00","152.00","0.91K","1.85%"
"02/01/2021","151.00","153.50","154.00","150.80","2.07K","-1.82%"
"01/29/2021","153.80","153.90","153.90","151.30","1.44K","1.45%"
"01/28/2021","151.60","152.00","154.00","151.00","2.78K","0.00%"
"01/27/2021","151.60","152.00","152.00","151.50","1.96K","-0.46%"
"01/26/2021","152.30","152.70","152.70","152.30","1.19K","-1.10%"
"01/25/2021","154.00","152.60","154.00","152.60","1.55K","0.98%"
"01/22/2021","152.50","152.60","153.00","152.50","0.86K","-0.33%"
"01/21/2021","153.00","154.00","154.00","153.00","3.69K","-0.33%"
"01/20/2021","153.50","153.00","154.00","152.50","13.58K","0.33%"
"01/19/2021","153.00","154.00","154.00","152.50","3.50K","0.33%"
"01/18/2021","152.50","153.00","154.00","152.50","1.58K","-0.33%"
"01/15/2021","153.00","154.00","154.00","152.60","2.11K","-0.65%"
"01/14/2021","154.00","153.00","154.00","153.00","5.02K","0.00%"
"01/13/2021","154.00","153.90","154.00","152.00","4.75K","0.00%"
"01/12/2021","154.00","154.90","154.90","154.00","0.76K","-0.32%"
"01/11/2021","154.50","152.50","154.50","152.00","0.15K","1.64%"
"01/08/2021","152.00","152.90","152.90","151.00","10.50K","-0.46%"
"01/07/2021","152.70","152.50","153.00","152.50","26.42K","0.13%"
"01/06/2021","152.50","152.90","152.90","152.30","8.22K","0.07%"
"01/05/2021","152.40","153.00","153.00","152.40","7.51K","-0.72%"
"01/04/2021","153.50","153.80","153.80","153.20","4.50K","-0.26%"
"12/29/2020","153.90","153.60","154.00","153.50","5.60K","0.20%"
"12/28/2020","153.60","154.80","154.80","153.60","10.80K","-0.78%"
"12/23/2020","154.80","154.80","154.80","154.00","4.38K","0.06%"
"12/22/2020","154.70","154.80","154.90","153.80","39.03K","-0.06%"
"12/21/2020","154.80","154.80","154.80","154.10","4.44K","-0.13%"
"12/18/2020","155.00","155.00","155.00","154.80","54.20K","0.19%"
"12/17/2020","154.70","155.00","155.00","154.50","14.77K","-0.19%"
"12/16/2020","155.00","155.00","156.00","155.00","9.26K","0.00%"
"12/15/2020","155.00","157.00","157.00","154.80","11.80K","0.13%"
"12/14/2020","154.80","155.10","157.00","154.80","4.68K","-0.39%"
"12/11/2020","155.40","155.00","155.90","155.00","4.84K","0.26%"
"12/10/2020","155.00","156.10","156.50","155.00","18.51K","-0.70%"
"12/09/2020","156.10","156.50","156.50","156.00","9.14K","-0.26%"
"12/07/2020","156.50","157.00","157.00","155.50","4.56K","-0.32%"
"12/04/2020","157.00","158.00","158.00","156.70","32.11K","-0.57%"
"12/03/2020","157.90","158.00","158.00","157.80","1.87K","0.06%"
"12/02/2020","157.80","158.80","160.00","157.70","2.93K","-1.37%"
"12/01/2020","160.00","159.00","160.00","158.80","5.23K","0.63%"
"11/27/2020","159.00","158.10","160.00","157.50","2.85K","0.57%"
"11/26/2020","158.10","160.00","160.00","158.00","1.31K","-0.57%"
"11/25/2020","159.00","162.00","162.00","159.00","1.24K","-0.63%"
"11/24/2020","160.00","160.00","160.00","158.60","5.16K","0.00%"
"11/23/2020","160.00","162.00","162.00","160.00","17.88K","0.00%"
"11/20/2020","160.00","160.00","162.00","160.00","12.64K","0.00%"
"11/19/2020","160.00","162.00","163.00","160.00","11.48K","-1.23%"
"11/18/2020","162.00","161.00","162.00","160.50","1.95K","0.93%"
"11/17/2020","160.50","162.00","162.00","160.50","0.28K","-0.93%"
"11/16/2020","162.00","162.00","162.00","159.00","0.45K","0.62%"
"11/13/2020","161.00","162.00","162.00","161.00","0.51K","-0.62%"
"11/11/2020","162.00","161.80","162.00","160.00","6.06K","0.00%"
"11/10/2020","162.00","158.00","168.90","158.00","9.17K","2.53%"
"11/09/2020","158.00","164.00","164.00","158.00","5.37K","-3.66%"
"11/06/2020","164.00","164.00","164.00","160.00","0.89K","0.00%"
"11/05/2020","164.00","163.00","165.00","163.00","3.95K","0.61%"
"11/04/2020","163.00","165.00","165.00","161.00","0.61K","-2.10%"
"11/03/2020","166.50","162.50","166.50","160.00","0.78K","-0.24%"
"10/30/2020","166.90","166.00","167.00","166.00","1.02K","0.54%"
"10/29/2020","166.00","172.00","172.00","166.00","1.40K","-4.05%"
"10/28/2020","173.00","159.00","177.00","159.00","11.68K","8.46%"
"10/27/2020","159.50","159.50","159.50","159.50","0.13K","0.95%"
"10/26/2020","158.00","160.00","160.00","158.00","0.18K","-0.63%"
"10/23/2020","159.00","158.00","159.00","157.80","4.65K","0.70%"
"10/22/2020","157.90","157.90","157.90","157.90","0.66K","0.06%"
"10/21/2020","157.80","157.90","157.90","157.40","1.46K","0.25%"
"10/20/2020","157.40","157.30","157.40","157.30","0.28K","0.13%"
"10/19/2020","157.20","156.00","157.20","156.00","1.47K","0.26%"
"10/16/2020","156.80","156.80","156.80","156.80","0.05K","0.00%"
"10/15/2020","156.80","156.80","156.90","156.00","0.68K","0.00%"
"10/14/2020","156.80","156.80","156.80","156.70","0.45K","-0.06%"
"10/13/2020","156.90","156.70","156.90","156.70","0.52K","0.06%"
"10/12/2020","156.80","156.90","156.90","153.50","5.04K","-0.06%"
"10/09/2020","156.90","156.00","156.90","156.00","0.12K","0.58%"
"10/08/2020","156.00","156.00","156.00","156.00","0.21K","-0.51%"
"10/07/2020","156.80","154.00","156.80","154.00","0.87K","-0.13%"
"10/06/2020","157.00","157.50","157.50","157.00","0.13K","-0.38%"
"10/05/2020","157.60","155.00","157.60","155.00","2.59K","1.68%"
"10/02/2020","155.00","157.00","157.50","155.00","0.16K","-1.27%"
"09/30/2020","157.00","157.00","157.00","154.10","1.06K","0.00%"
"09/29/2020","157.00","157.00","157.00","157.00","0.01K","0.06%"
"09/28/2020","156.90","157.60","157.60","153.50","2.12K","-0.06%"
"09/25/2020","157.00","157.80","157.80","154.60","0.20K","0.00%"
"09/24/2020","157.00","157.90","157.90","157.00","0.09K","-0.51%"
"09/23/2020","157.80","157.80","157.80","157.80","0.53K","0.06%"
"09/22/2020","157.70","157.90","157.90","155.00","0.65K","-0.13%"
"09/21/2020","157.90","156.00","157.90","156.00","0.03K","0.25%"
"09/18/2020","157.50","157.50","157.50","157.00","0.60K","0.32%"
"09/17/2020","157.00","157.90","158.00","157.00","2.04K","-0.57%"
"09/16/2020","157.90","158.20","158.20","155.10","0.28K","1.81%"
"09/15/2020","155.10","158.80","158.80","155.00","0.62K","-2.39%"
"09/14/2020","158.90","158.90","158.90","158.90","0.01K","2.45%"
"09/11/2020","155.10","155.10","159.50","155.10","1.36K","0.00%"
"09/10/2020","155.10","158.00","158.00","155.10","2.86K","-1.52%"
"09/09/2020","157.50","158.00","158.00","157.50","0.11K","-0.32%"
"09/08/2020","158.00","158.00","158.00","158.00","0.10K","0.00%"
"09/07/2020","158.00","158.00","158.00","158.00","0.27K","-1.25%"
"09/04/2020","160.00","157.90","160.00","157.90","20.09K","1.33%"
"09/03/2020","157.90","153.90","157.90","153.00","20.79K","2.53%"
"09/02/2020","154.00","154.00","154.00","154.00","16.42K","0.00%"
"09/01/2020","154.00","156.00","156.00","154.00","17.68K","-1.28%"
"08/28/2020","156.00","156.90","156.90","156.00","0.24K","-0.51%"
"08/27/2020","156.80","155.00","156.80","154.00","1.59K","1.16%"
"08/25/2020","155.00","155.00","155.10","155.00","3.32K","-0.64%"
"08/24/2020","156.00","158.00","158.00","155.00","1.41K","-0.64%"
"08/19/2020","157.00","157.00","157.00","155.00","0.37K","1.68%"
"08/18/2020","154.40","155.00","156.00","154.30","4.36K","-0.39%"
"08/17/2020","155.00","155.00","158.00","155.00","0.58K","0.00%"
"08/14/2020","155.00","159.00","159.00","155.00","0.43K","-0.64%"
"08/13/2020","156.00","156.00","156.00","155.00","0.31K","0.00%"
"08/12/2020","156.00","156.00","158.90","156.00","0.84K","0.00%"
"08/11/2020","156.00","159.00","159.00","156.00","1.81K","0.65%"
"08/10/2020","155.00","159.50","159.50","155.00","2.40K","-3.00%"
"08/07/2020","159.80","160.00","160.00","159.80","0.06K","3.70%"
"08/06/2020","154.10","155.00","155.00","154.00","0.82K","0.06%"
"08/05/2020","154.00","155.00","156.00","154.00","230.72K","-1.66%"
"08/04/2020","156.60","156.50","158.00","156.50","0.69K","0.06%"
"08/03/2020","156.50","154.20","156.50","154.00","2.28K","1.49%"
"07/30/2020","154.20","157.00","157.00","154.20","2.47K","-1.78%"
"07/29/2020","157.00","159.00","160.00","157.00","0.21K","-1.26%"
"07/28/2020","159.00","160.00","160.00","159.00","0.10K","0.00%"
"07/27/2020","159.00","159.00","159.00","159.00","0.03K","0.00%"
"07/24/2020","159.00","159.00","159.00","159.00","1.16K","-0.63%"
"07/23/2020","160.00","158.00","160.00","158.00","0.21K","1.27%"
"07/22/2020","158.00","160.00","160.00","158.00","3.27K","-0.94%"
"07/21/2020","159.50","160.80","160.80","159.50","0.53K","-0.25%"
"07/20/2020","159.90","163.00","163.00","159.90","2.47K","-0.37%"
"07/17/2020","160.50","164.00","164.00","160.50","2.16K","0.31%"
"07/16/2020","160.00","163.00","163.00","160.00","3.32K","0.31%"
"07/15/2020","159.50","160.00","160.00","159.50","2.05K","-2.15%"
"07/14/2020","163.00","165.00","165.00","160.00","2.18K","-1.21%"
"07/13/2020","165.00","161.60","166.00","160.00","6.65K","1.85%"
"07/10/2020","162.00","166.60","166.60","162.00","2.89K","-2.70%"
"07/09/2020","166.50","166.80","167.00","162.00","2.92K","-0.30%"
"07/06/2020","167.00","167.00","167.00","163.00","1.36K","0.00%"
"07/03/2020","167.00","168.90","168.90","162.10","1.90K","2.77%"
"07/02/2020","162.50","168.00","170.00","161.20","2.78K","0.87%"
"07/01/2020","161.10","167.80","167.80","161.10","1.04K","-4.05%"
"06/30/2020","167.90","167.90","167.90","161.00","1.62K","0.00%"
"06/29/2020","167.90","161.00","168.00","161.00","0.19K","-0.06%"
"06/26/2020","168.00","168.00","168.00","161.00","8.16K","0.00%"
"06/25/2020","168.00","168.90","168.90","164.20","0.26K","-0.59%"
"06/24/2020","169.00","161.00","169.00","161.00","0.23K","5.63%"
"06/23/2020","160.00","161.00","161.00","160.00","0.31K","-1.23%"
"06/22/2020","162.00","157.00","162.00","157.00","3.40K","3.38%"
"06/19/2020","156.70","166.50","170.00","156.70","114.53K","-7.28%"
"06/18/2020","169.00","165.90","170.00","165.90","0.12K","0.60%"
"06/17/2020","168.00","166.00","168.00","166.00","0.53K","1.20%"
"06/16/2020","166.00","166.00","168.00","165.80","1.47K","-1.78%"
"06/15/2020","169.00","170.00","170.00","167.00","0.26K","-0.59%"
"06/11/2020","170.00","170.00","172.00","170.00","5.68K","3.03%"
"06/10/2020","165.00","168.00","170.00","165.00","0.25K","-1.79%"
"06/09/2020","168.00","168.00","168.00","165.00","1.62K","0.30%"
"06/08/2020","167.50","172.00","172.00","167.50","4.82K","-1.47%"
"06/05/2020","170.00","170.00","171.00","170.00","1.66K","-1.16%"
"06/04/2020","172.00","172.50","175.00","172.00","1.59K","-0.29%"
"06/03/2020","172.50","172.90","172.90","163.80","0.53K","1.47%"
"06/02/2020","170.00","173.80","173.80","170.00","0.54K","0.00%"
"06/01/2020","170.00","173.90","173.90","170.00","0.23K","-0.93%"
"05/29/2020","171.60","170.00","173.90","167.00","4.43K","0.94%"
"05/28/2020","170.00","170.00","170.00","170.00","0.50K","0.00%"
"05/27/2020","170.00","165.00","170.00","165.00","0.22K","3.03%"
"05/26/2020","165.00","173.90","173.90","165.00","0.75K","-2.37%"
"05/22/2020","169.00","169.70","169.70","169.00","0.05K","0.00%"
"05/21/2020","169.00","169.00","169.70","169.00","0.04K","0.00%"
"05/20/2020","169.00","169.00","169.00","169.00","0.05K","0.00%"
"05/19/2020","169.00","169.00","174.00","169.00","4.25K","0.00%"
"05/18/2020","169.00","169.00","169.50","169.00","0.67K","0.00%"
"05/15/2020","169.00","169.50","169.50","168.50","0.62K","-0.29%"
"05/14/2020","169.50","169.50","169.50","169.50","0.36K","0.59%"
"05/13/2020","168.50","168.50","168.50","168.50","0.09K","0.00%"
"05/12/2020","168.50","168.50","168.50","168.50","0.01K","0.00%"
"05/11/2020","168.50","168.80","169.80","168.50","2.17K","-0.18%"
"05/08/2020","168.80","168.90","168.90","168.80","0.51K","0.06%"
"05/07/2020","168.70","168.80","168.80","168.70","0.13K","-0.12%"
"05/06/2020","168.90","168.90","168.90","166.00","0.33K","2.36%"
"05/05/2020","165.00","169.00","169.00","165.00","0.34K","-2.31%"
"05/04/2020","168.90","168.80","168.90","164.00","0.12K","0.00%"
"04/30/2020","168.90","165.00","168.90","165.00","1.23K","1.44%"
"04/29/2020","166.50","167.90","167.90","166.50","0.17K","0.00%"
"04/28/2020","166.50","166.00","166.50","166.00","0.09K","0.30%"
"04/27/2020","166.00","165.00","166.90","165.00","0.85K","1.84%"
"04/24/2020","163.00","162.50","163.00","162.50","0.35K","0.31%"
"04/23/2020","162.50","163.00","163.00","162.00","0.12K","-3.73%"
"04/22/2020","168.80","163.00","168.90","163.00","0.37K","3.56%"
"04/21/2020","163.00","163.00","165.00","162.20","1.22K","-1.21%"
"04/20/2020","165.00","163.10","169.00","163.10","0.17K","1.23%"
"04/17/2020","163.00","162.20","163.00","162.20","0.10K","-1.21%"
"04/16/2020","165.00","169.00","169.00","162.00","0.57K","-2.48%"
"04/15/2020","169.20","162.20","169.90","162.10","0.84K","4.38%"
"04/14/2020","162.10","170.00","170.00","160.00","1.32K","-4.08%"
"04/13/2020","169.00","169.30","169.50","169.00","0.11K","-0.18%"
"04/08/2020","169.30","169.50","169.50","169.00","0.43K","-0.12%"
"04/07/2020","169.50","170.00","170.00","169.00","1.68K","1.19%"
"04/06/2020","167.50","169.50","170.00","167.50","0.42K","-1.18%"
"04/03/2020","169.50","168.00","169.50","168.00","0.12K","0.89%"
"04/02/2020","168.00","168.00","168.00","168.00","0.02K","0.00%"
"04/01/2020","168.00","168.70","168.80","157.00","0.09K","-0.47%"
"03/31/2020","168.80","167.00","168.80","165.00","0.50K","-0.06%"
"03/30/2020","168.90","170.00","170.00","157.10","2.79K","-1.80%"
"03/27/2020","172.00","176.00","176.90","171.00","2.87K","0.00%"
"03/26/2020","172.00","179.00","179.00","155.10","0.81K","9.90%"
"03/25/2020","156.50","155.10","179.00","155.10","6.47K","4.26%"
"03/24/2020","150.10","149.50","164.00","149.50","7.17K","3.52%"
"03/23/2020","145.00","133.00","145.00","133.00","0.42K","9.77%"
"03/20/2020","132.10","145.80","148.50","132.00","2.30K","-11.04%"
"03/19/2020","148.50","148.00","149.00","145.80","0.47K","-0.34%"
"03/17/2020","149.00","150.00","150.00","149.00","0.26K","0.00%"
"03/16/2020","149.00","150.00","150.00","149.00","0.26K","0.68%"
"03/13/2020","148.00","149.00","149.00","147.00","2.11K","-1.00%"
"03/12/2020","149.50","152.50","152.50","149.50","22.87K","-0.53%"
"03/11/2020","150.30","150.00","153.00","150.00","0.59K","-1.76%"
"03/10/2020","153.00","148.00","153.00","148.00","1.99K","3.38%"
"03/09/2020","148.00","170.00","170.00","148.00","6.84K","-11.38%"
"03/06/2020","167.00","153.10","167.00","153.10","8.99K","9.08%"
"03/05/2020","153.10","155.00","165.00","152.90","5.20K","-1.23%"
"03/04/2020","155.00","160.10","160.10","155.00","5.22K","-3.13%"
"03/03/2020","160.00","167.40","167.40","160.00","5.89K","-4.36%"
"03/02/2020","167.30","172.00","172.00","167.10","1.03K","-2.68%"
"02/28/2020","171.90","172.10","172.10","171.90","0.19K","-0.64%"
"02/27/2020","173.00","172.70","173.00","172.10","0.40K","0.17%"
"02/26/2020","172.70","175.00","175.00","172.70","0.15K","-0.17%"
"02/24/2020","173.00","173.00","173.00","173.00","0.47K","-1.70%"
"02/21/2020","176.00","177.00","177.00","176.00","0.07K","-0.56%"
"02/20/2020","177.00","178.90","179.00","176.00","0.25K","2.31%"
"02/19/2020","173.00","173.20","173.20","173.00","0.02K","-2.64%"
"02/18/2020","177.70","178.70","179.30","177.70","0.12K","-0.62%"
"02/17/2020","178.80","176.00","179.50","173.00","8.71K","1.59%"
"02/14/2020","176.00","176.00","176.00","176.00","0.18K","0.00%"
"02/12/2020","176.00","176.90","176.90","176.00","0.02K","2.33%"
"02/11/2020","172.00","172.00","173.80","171.60","0.94K","0.00%"
"02/10/2020","172.00","177.00","177.00","172.00","2.53K","-2.27%"
"02/07/2020","176.00","176.00","176.00","176.00","0.20K","0.00%"
"02/06/2020","176.00","176.00","177.00","176.00","0.31K","0.00%"
"02/05/2020","176.00","176.00","176.00","176.00","0.03K","0.00%"
"02/04/2020","176.00","176.00","177.90","176.00","0.45K","-1.07%"
"01/31/2020","177.90","176.90","178.80","170.00","1.30K","1.66%"
"01/30/2020","175.00","176.90","176.90","175.00","0.15K","-1.13%"
"01/29/2020","177.00","178.00","178.00","177.00","0.05K","3.81%"
"01/28/2020","170.50","178.80","178.80","170.30","0.64K","0.18%"
"01/27/2020","170.20","172.00","172.00","170.00","0.10K","-1.05%"
"01/24/2020","172.00","173.00","173.00","170.00","3.50K","0.00%"
"01/23/2020","172.00","179.00","179.00","170.00","4.87K","-3.37%"
"01/22/2020","178.00","174.00","179.00","174.00","10.27K","2.59%"
"01/21/2020","173.50","173.50","173.50","173.50","0.32K","0.00%"
"01/20/2020","173.50","175.00","175.00","173.50","0.32K","0.00%"
"01/17/2020","173.50","173.50","173.50","173.50","0.10K","0.29%"
"01/16/2020","173.00","172.50","173.10","172.50","2.44K","-2.70%"
"01/15/2020","177.80","178.00","178.00","174.00","0.42K","2.48%"
"01/14/2020","173.50","175.00","175.00","173.50","0.20K","-0.86%"
"01/13/2020","175.00","175.00","175.00","175.00","0.28K","0.00%"
"01/10/2020","175.00","175.00","175.00","175.00","0.28K","0.00%"
"01/09/2020","175.00","175.00","175.00","175.00","2.23K","0.00%"
"01/08/2020","175.00","175.00","175.00","175.00","10.99K","1.16%"
"01/07/2020","173.00","173.00","173.00","173.00","0.06K","0.00%"
"01/06/2020","173.00","175.00","175.00","173.00","10.13K","-1.14%"
"01/03/2020","175.00","175.00","175.00","175.00","0.28K","0.00%"
"01/02/2020","175.00","177.80","177.80","175.00","1.02K","0.00%"
"12/27/2019","175.00","173.00","175.00","173.00","1.17K","1.16%"
"12/26/2019","173.00","172.10","173.00","172.00","0.42K","0.52%"
"12/23/2019","172.10","173.00","173.00","172.10","1.77K","-0.52%"
"12/20/2019","173.00","172.00","173.00","172.00","14.50K","0.00%"
"12/19/2019","173.00","175.00","175.00","172.00","1.52K","-1.14%"
"12/18/2019","175.00","173.00","175.00","172.70","5.55K","0.57%"
"12/17/2019","174.00","173.00","174.00","172.80","1.69K","-2.25%"
"12/16/2019","178.00","173.00","178.00","172.90","1.01K","2.89%"
"12/13/2019","173.00","174.00","174.00","173.00","0.82K","-0.57%"
"12/12/2019","174.00","174.00","174.00","174.00","0.94K","0.00%"
"12/11/2019","174.00","173.50","174.50","173.50","1.08K","-0.34%"
"12/10/2019","174.60","178.60","178.60","173.50","1.11K","-2.24%"
"12/09/2019","178.60","174.00","178.60","174.00","2.28K","2.88%"
"12/06/2019","173.60","175.00","175.00","173.50","0.24K","-0.80%"
"12/05/2019","175.00","175.00","175.00","175.00","2.00K","0.00%"
"12/04/2019","175.00","178.80","178.80","172.80","2.32K","-2.13%"
"12/03/2019","178.80","178.80","178.80","178.80","0.05K","0.45%"
"12/02/2019","178.00","172.90","178.00","172.90","0.52K","1.02%"
"11/29/2019","176.20","173.00","176.20","173.00","1.55K","1.79%"
"11/28/2019","173.10","175.80","175.80","173.10","0.29K","-0.23%"
"11/27/2019","173.50","175.80","175.80","173.10","0.68K","-0.17%"
"11/26/2019","173.80","174.00","174.00","173.80","2.11K","0.00%"
"11/21/2019","173.80","173.10","174.40","173.00","0.26K","-0.11%"
"11/20/2019","174.00","176.00","176.00","173.90","1.04K","-1.14%"
"11/19/2019","176.00","173.10","176.00","173.10","0.22K","1.68%"
"11/18/2019","173.10","173.20","173.20","173.10","0.24K","0.00%"
"11/15/2019","173.10","175.00","175.00","173.10","1.50K","-0.80%"
"11/13/2019","174.50","175.00","175.00","174.50","1.08K","-0.29%"
"11/12/2019","175.00","175.00","175.00","175.00","0.08K","1.16%"
"11/11/2019","173.00","175.00","175.00","173.00","0.66K","-1.14%"
"11/08/2019","175.00","175.70","176.00","174.10","0.99K","0.00%"
"11/06/2019","175.00","175.10","175.60","175.00","1.58K","0.06%"
"11/05/2019","174.90","174.90","175.00","174.90","1.31K","-0.06%"
"11/04/2019","175.00","175.00","175.00","174.00","0.44K","0.00%"
"10/31/2019","175.00","175.60","175.60","175.00","0.81K","1.16%"
"10/30/2019","173.00","174.00","176.10","173.00","0.65K","-0.57%"
"10/29/2019","174.00","175.80","176.00","174.00","0.34K","-0.06%"
"10/28/2019","174.10","175.00","175.00","174.10","1.62K","-0.51%"
"10/25/2019","175.00","177.00","177.00","175.00","3.99K","0.00%"
"10/24/2019","175.00","177.50","177.50","175.00","1.15K","-1.41%"
"10/23/2019","177.50","177.50","177.50","177.00","0.10K","0.11%"
"10/22/2019","177.30","177.50","177.50","177.00","0.84K","0.62%"
"10/21/2019","176.20","176.50","176.60","176.20","1.15K","-0.23%"
"10/18/2019","176.60","176.50","176.60","176.50","0.05K","-1.23%"
"10/17/2019","178.80","178.80","178.80","178.80","2.17K","0.00%"
"10/16/2019","178.80","178.80","179.00","178.80","0.18K","0.06%"
"10/15/2019","178.70","178.70","178.70","178.70","0.02K","1.48%"
"10/14/2019","176.10","176.10","176.10","176.10","0.39K","0.34%"
"10/11/2019","175.50","178.90","178.90","175.50","0.16K","0.00%"
"10/10/2019","175.50","178.70","178.70","175.50","1.87K","-1.79%"
"10/09/2019","178.70","179.00","179.00","177.00","0.61K","0.90%"
"10/08/2019","177.10","179.00","179.00","177.10","0.61K","0.34%"
"10/07/2019","176.50","179.00","179.00","176.50","0.41K","-1.34%"
"10/04/2019","178.90","178.80","178.90","178.00","0.37K","0.00%"
"10/03/2019","178.90","178.90","178.90","178.90","0.10K","1.36%"
"10/02/2019","176.50","179.60","179.60","176.50","0.27K","-1.73%"
"09/30/2019","179.60","179.00","180.00","176.00","7.43K","0.34%"
"09/27/2019","179.00","179.60","180.00","179.00","2.81K","-0.28%"
"09/26/2019","179.50","179.90","179.90","179.50","3.60K","-0.28%"
"09/25/2019","180.00","180.20","180.20","180.00","4.57K","-0.50%"
"09/24/2019","180.90","180.10","180.90","180.10","0.31K","0.50%"
"09/23/2019","180.00","180.10","180.10","180.00","1.29K","0.00%"
"09/20/2019","180.00","179.80","180.00","179.80","0.98K","0.00%"
"09/19/2019","180.00","179.50","180.00","179.50","8.62K","0.28%"
"09/18/2019","179.50","180.00","180.00","178.90","2.18K","-0.28%"
"09/17/2019","180.00","180.00","180.00","180.00","0.31K","0.00%"
"09/16/2019","180.00","181.00","181.00","180.00","3.59K","-0.55%"
"09/13/2019","181.00","183.20","183.20","181.00","2.09K","-1.31%"
"09/12/2019","183.40","183.50","183.50","183.00","0.86K","-0.05%"
"09/11/2019","183.50","183.50","184.50","183.40","0.75K","0.00%"
"09/10/2019","183.50","184.20","184.20","183.50","9.06K","-0.81%"
"09/09/2019","185.00","184.70","185.00","184.20","1.41K","0.00%"
"09/06/2019","185.00","185.00","185.00","184.80","4.87K","-0.05%"
"09/05/2019","185.10","185.00","187.00","185.00","67.33K","0.05%"
"09/04/2019","185.00","187.00","187.00","184.50","10.32K","-1.07%"
"09/03/2019","187.00","185.00","187.00","184.00","0.88K","1.08%"
"09/02/2019","185.00","186.00","187.00","185.00","5.01K","-0.80%"
"08/30/2019","186.50","187.20","187.20","186.50","0.47K","-0.27%"
"08/29/2019","187.00","187.00","187.00","187.00","1.02K","-0.53%"
"08/28/2019","188.00","187.50","189.00","185.00","5.69K","0.43%"
"08/27/2019","187.20","186.10","189.00","186.10","0.15K","-1.16%"
"08/23/2019","189.40","187.10","189.40","185.00","2.19K","1.28%"
"08/22/2019","187.00","189.90","189.90","187.00","0.29K","-0.05%"
"08/20/2019","187.10","188.10","188.10","187.00","2.27K","-0.48%"
"08/19/2019","188.00","189.80","189.90","188.00","2.47K","-0.95%"
"08/16/2019","189.80","190.00","190.00","189.80","0.02K","0.42%"
"08/15/2019","189.00","187.10","189.00","186.10","0.29K","0.32%"
"08/14/2019","188.40","190.00","190.00","187.10","100.41K","-0.84%"
"08/13/2019","190.00","191.70","191.70","188.10","7.46K","-0.42%"
"08/09/2019","190.80","191.70","191.70","190.80","0.15K","1.54%"
"08/08/2019","187.90","191.70","191.70","187.90","0.26K","-1.88%"
"08/07/2019","191.50","190.00","191.50","189.00","4.09K","0.79%"
"08/06/2019","190.00","186.20","191.70","186.00","8.46K","2.04%"
"08/05/2019","186.20","188.00","191.00","186.20","5.10K","-2.51%"
"08/02/2019","191.00","191.00","191.00","188.00","7.26K","0.00%"
"08/01/2019","191.00","188.00","191.00","184.00","1.35K","1.60%"
"07/31/2019","188.00","185.50","188.00","185.50","0.04K","-1.83%"
"07/30/2019","191.50","192.00","192.00","186.00","0.24K","-0.26%"
"07/29/2019","192.00","192.00","192.00","192.00","0.11K","2.13%"
"07/26/2019","188.00","190.50","190.50","185.00","1.76K","1.62%"
"07/25/2019","185.00","190.50","190.50","184.50","4.84K","-2.63%"
"07/24/2019","190.00","190.00","190.00","190.00","3.12K","0.69%"
"07/23/2019","188.70","188.70","188.70","188.60","0.87K","0.00%"
"07/22/2019","188.70","189.60","189.60","188.70","1.67K","-0.68%"
"07/19/2019","190.00","194.00","194.00","189.50","1.04K","-2.06%"
"07/18/2019","194.00","194.90","195.00","189.50","0.51K","-0.46%"
"07/17/2019","194.90","189.20","195.00","189.10","9.10K","2.04%"
"07/16/2019","191.00","191.00","191.00","190.00","1.46K","0.53%"
"07/15/2019","190.00","190.00","191.00","188.00","8.65K","0.00%"
"07/12/2019","190.00","188.10","190.00","188.10","0.06K","0.53%"
"07/11/2019","189.00","189.00","189.00","188.10","0.50K","-0.26%"
"07/10/2019","189.50","189.10","193.00","188.70","0.08K","0.21%"
"07/09/2019","189.10","190.00","192.00","189.00","0.63K","-0.47%"
"07/08/2019","190.00","190.00","190.00","190.00","1.23K","0.00%"
"07/05/2019","190.00","189.10","190.00","189.10","0.18K","-0.52%"
"07/04/2019","191.00","191.80","191.80","190.00","1.65K","-0.42%"
"07/03/2019","191.80","191.80","192.50","191.80","1.28K","-0.10%"
"07/02/2019","192.00","190.00","192.50","190.00","1.09K","1.05%"
"07/01/2019","190.00","190.00","190.50","187.00","1.71K","0.00%"
"06/28/2019","190.00","190.00","190.00","185.90","1.06K","0.00%"
"06/27/2019","190.00","191.00","191.00","190.00","1.24K","-0.52%"
"06/26/2019","191.00","191.00","191.00","191.00","0.71K","0.00%"
"06/25/2019","191.00","191.00","192.80","190.00","0.33K","0.00%"
"06/24/2019","191.00","188.00","192.80","188.00","1.36K","1.60%"
"06/21/2019","188.00","184.60","188.00","184.00","0.67K","1.62%"
"06/20/2019","185.00","184.00","186.00","184.00","0.31K","0.00%"
"06/19/2019","185.00","185.00","186.00","185.00","0.76K","0.00%"
"06/18/2019","185.00","185.00","185.00","185.00","0.02K","-0.05%"
"06/17/2019","185.10","185.10","190.00","185.10","1.60K","0.05%"
"06/14/2019","185.00","184.80","185.00","184.70","8.82K","0.05%"
"06/13/2019","184.90","184.80","184.90","184.00","1.24K","0.05%"
"06/11/2019","184.80","184.90","184.90","183.00","1.60K","-0.05%"
"06/10/2019","184.90","184.90","184.90","184.00","0.59K","0.00%"
"06/07/2019","184.90","184.00","184.90","184.00","0.16K","0.22%"
"06/06/2019","184.50","184.90","184.90","184.50","0.11K","-0.22%"
"06/04/2019","184.90","184.90","184.90","184.90","0.10K","1.04%"
"06/03/2019","183.00","183.50","183.50","183.00","1.48K","-1.08%"
"05/31/2019","185.00","182.50","185.00","182.50","0.19K","1.37%"
"05/30/2019","182.50","185.00","185.00","182.50","0.60K","-1.08%"
"05/29/2019","184.50","185.00","185.00","184.50","0.64K","-0.27%"
"05/28/2019","185.00","185.00","185.00","185.00","0.10K","0.00%"
"05/27/2019","185.00","185.00","185.00","185.00","0.07K","0.00%"
"05/24/2019","185.00","185.50","185.50","185.00","2.14K","-0.27%"
"05/23/2019","185.50","185.00","185.50","185.00","2.98K","0.27%"
"05/22/2019","185.00","185.00","185.00","185.00","0.09K","-0.16%"
"05/21/2019","185.30","184.00","185.30","183.90","0.91K","0.71%"
"05/20/2019","184.00","182.90","184.00","182.90","4.16K","1.66%"
"05/17/2019","181.00","182.90","182.90","181.00","0.21K","-1.04%"
"05/16/2019","182.90","180.00","183.00","180.00","0.30K","0.00%"
"05/15/2019","182.90","180.60","182.90","180.50","0.27K","1.33%"
"05/14/2019","180.50","180.00","182.70","180.00","1.14K","0.28%"
"05/10/2019","180.00","181.50","181.50","180.00","0.64K","0.00%"
"05/09/2019","180.00","182.60","182.90","179.00","1.88K","-1.64%"
"05/08/2019","183.00","181.00","183.00","179.00","0.50K","1.10%"
"05/07/2019","181.00","182.50","182.50","181.00","0.32K","-0.82%"
"05/06/2019","182.50","183.00","183.00","181.00","0.22K","-0.27%"
"05/03/2019","183.00","182.00","183.00","179.50","1.21K","0.27%"
"05/02/2019","182.50","182.50","182.50","178.60","1.25K","1.11%"
"04/30/2019","180.50","178.70","183.00","178.50","0.45K","-0.28%"
"04/29/2019","181.00","181.00","181.00","181.00","0.16K","3.13%"
"04/26/2019","175.50","178.00","178.00","174.00","1.67K","-1.40%"
"04/25/2019","178.00","182.10","182.10","178.00","1.72K","-2.68%"
"04/24/2019","182.90","179.50","182.90","179.50","0.91K","1.89%"
"04/23/2019","179.50","183.00","183.00","179.50","3.66K","-2.18%"
"04/22/2019","183.50","184.00","184.00","183.00","4.80K","0.00%"
"04/17/2019","183.50","181.60","183.50","181.50","1.37K","2.51%"
"04/16/2019","179.00","181.60","181.60","179.00","3.05K","-1.38%"
"04/15/2019","181.50","182.80","186.90","181.10","0.36K","-1.36%"
"04/12/2019","184.00","188.00","188.10","184.00","2.23K","0.00%"
"04/11/2019","184.00","189.00","189.00","184.00","4.19K","-2.65%"
"04/10/2019","189.00","190.00","190.00","181.00","8.06K","-0.53%"
"04/08/2019","190.00","196.80","196.80","188.00","3.70K","-1.27%"
"04/05/2019","192.45","190.69","192.65","190.69","7.16K","0.41%"
"04/04/2019","191.67","191.67","191.67","191.47","4.23K","0.00%"
"04/03/2019","191.67","191.67","191.67","189.71","2.36K","0.51%"
"04/02/2019","190.69","191.18","192.65","190.69","1.69K","-1.02%"
"04/01/2019","192.65","194.11","195.19","191.18","4.25K","-0.51%"
"03/29/2019","193.62","193.13","195.38","193.13","1.24K","0.25%"
"03/28/2019","193.13","191.28","195.38","191.28","2.25K","0.97%"
"03/27/2019","191.28","184.82","191.47","184.82","0.96K","-0.71%"
"03/26/2019","192.65","184.82","195.09","184.82","0.75K","3.68%"
"03/25/2019","185.80","182.87","195.58","182.87","2.49K","2.43%"
"03/22/2019","181.40","180.91","181.40","180.91","0.13K","-0.16%"
"03/21/2019","181.69","181.79","181.79","180.42","1.42K","0.98%"
"03/20/2019","179.93","180.13","180.13","179.93","0.29K","-0.54%"
"03/19/2019","180.91","180.91","180.91","180.91","0.27K","0.27%"
"03/15/2019","180.42","180.91","180.91","179.93","0.27K","0.76%"
"03/14/2019","179.05","180.91","180.91","179.05","0.14K","-1.03%"
"03/13/2019","180.91","179.93","180.91","179.93","2.68K","1.09%"
"03/12/2019","178.95","180.52","180.52","178.95","0.37K","-1.08%"
"03/11/2019","180.91","180.91","180.91","180.91","0.06K","0.22%"
"03/08/2019","180.52","180.72","180.91","180.52","2.59K","-0.16%"
"03/07/2019","180.81","180.91","181.11","180.81","4.29K","-0.32%"
"03/06/2019","181.40","181.40","181.40","180.91","3.78K","0.05%"
"03/05/2019","181.30","177.29","181.30","177.29","0.96K","2.26%"
"03/04/2019","177.29","180.62","180.91","177.29","2.91K","-2.00%"
"03/01/2019","180.91","180.91","181.40","180.91","1.64K","0.00%"
"02/28/2019","180.91","180.91","180.91","180.13","0.40K","0.00%"
"02/27/2019","180.91","180.91","180.91","180.91","0.55K","-0.27%"
"02/26/2019","181.40","181.40","181.40","181.40","0.36K","-0.05%"
"02/22/2019","181.50","181.89","182.08","181.50","0.72K","-0.38%"
"02/21/2019","182.18","182.57","182.57","182.18","0.04K","0.59%"
"02/20/2019","181.11","181.11","181.11","181.11","0.01K","-0.38%"
"02/19/2019","181.79","183.75","183.75","181.79","1.09K","0.49%"
"02/18/2019","180.91","180.91","181.01","180.91","1.07K","0.00%"
"02/15/2019","180.91","180.91","181.89","180.91","0.70K","0.49%"
"02/14/2019","180.03","180.13","181.50","180.03","0.93K","-0.49%"
"02/13/2019","180.91","180.91","180.91","180.91","0.62K","-0.54%"
"02/12/2019","181.89","182.18","182.67","181.89","1.12K","0.00%"
"02/11/2019","181.89","182.67","182.67","181.40","1.30K","-0.16%"
"02/08/2019","182.18","182.18","182.18","180.91","4.56K","0.16%"
"02/07/2019","181.89","182.38","182.38","181.89","0.50K","0.00%"
"02/06/2019","181.89","182.67","182.67","181.89","0.09K","-0.43%"
"02/04/2019","182.67","180.91","182.67","178.95","7.58K","2.08%"
"02/01/2019","178.95","178.07","181.69","178.07","0.60K","-1.51%"
"01/31/2019","181.69","181.69","181.69","181.69","0.31K","1.81%"
"01/30/2019","178.47","181.69","181.69","178.07","0.12K","-0.82%"
"01/29/2019","179.93","181.89","181.89","179.93","0.42K","-1.08%"
"01/28/2019","181.89","180.42","181.89","177.10","0.67K","0.81%"
"01/25/2019","180.42","180.91","181.89","176.02","2.98K","-0.81%"
"01/24/2019","181.89","176.02","181.89","176.02","8.02K","3.68%"
"01/23/2019","175.43","175.53","176.02","175.43","0.44K","0.00%"
"01/22/2019","175.43","175.14","175.92","175.14","2.11K","0.22%"
"01/21/2019","175.04","176.02","176.02","175.04","4.25K","-0.56%"
"01/18/2019","176.02","179.05","179.05","176.02","0.78K","-1.37%"
"01/17/2019","178.47","176.02","178.47","176.02","0.08K","1.39%"
"01/16/2019","176.02","175.83","176.02","175.83","1.07K","0.11%"
"01/15/2019","175.83","176.02","176.02","175.83","0.37K","-0.11%"
"01/14/2019","176.02","176.02","176.02","176.02","1.32K","0.00%"
"01/11/2019","176.02","179.93","179.93","176.02","0.16K","-1.64%"
"01/10/2019","178.95","176.02","179.93","176.02","3.59K","0.55%"
"01/09/2019","177.98","175.43","177.98","175.43","1.72K","1.51%"
"01/08/2019","175.34","175.53","175.53","175.14","0.17K","-0.39%"
"01/07/2019","176.02","176.02","176.02","175.04","1.83K","0.00%"
"01/04/2019","176.02","176.02","176.02","175.04","2.01K","0.56%"
"01/03/2019","175.04","176.02","176.02","175.04","0.25K","-1.65%"
"01/02/2019","177.98","173.67","177.98","173.67","0.05K","1.11%"
"12/28/2018","176.02","174.65","176.02","174.55","0.97K","0.84%"
"12/27/2018","174.55","174.07","174.65","174.07","1.10K","-0.83%"
"12/26/2018","176.02","174.07","176.51","174.07","0.41K","0.56%"
"12/21/2018","175.04","174.07","176.02","174.07","1.03K","0.56%"
"12/20/2018","174.07","177.00","177.00","174.07","1.68K","-1.66%"
"12/19/2018","177.00","179.93","179.93","177.00","0.98K","-1.63%"
"12/18/2018","179.93","179.93","179.93","179.93","1.12K","0.00%"
"12/17/2018","179.93","177.98","179.93","177.98","0.23K","1.66%"
"12/14/2018","177.00","177.00","177.98","177.00","0.35K","-0.33%"
"12/13/2018","177.59","175.04","177.59","175.04","1.45K","2.02%"
"12/12/2018","174.07","172.11","174.07","172.11","0.82K","0.51%"
"12/11/2018","173.19","174.07","174.07","173.19","0.33K","-1.56%"
"12/10/2018","175.92","176.02","176.02","174.07","0.52K","1.64%"
"12/07/2018","173.09","174.55","176.02","173.09","0.16K","0.00%"
"12/06/2018","173.09","175.63","176.02","170.15","0.44K","-1.12%"
"12/05/2018","175.04","175.83","175.83","171.33","1.35K","1.70%"
"12/04/2018","172.11","171.13","176.02","171.13","2.00K","-1.68%"
"12/03/2018","175.04","167.42","176.02","167.42","0.30K","4.62%"
"11/29/2018","167.32","167.32","167.32","167.32","0.45K","1.24%"
"11/28/2018","165.26","176.02","177.00","165.26","4.63K","-2.20%"
"11/27/2018","168.98","168.98","176.02","168.98","3.46K","-0.12%"
"11/26/2018","169.18","170.15","170.15","169.18","1.89K","0.00%"
"11/23/2018","169.18","169.66","169.66","169.18","13.49K","0.00%"
"11/22/2018","169.18","171.13","171.13","168.98","1.18K","0.00%"
"11/21/2018","169.18","178.47","178.47","169.18","2.64K","-2.81%"
"11/20/2018","174.07","178.86","178.95","169.18","5.05K","-2.73%"
"11/19/2018","178.95","170.25","178.95","170.15","2.26K","-0.54%"
"11/16/2018","179.93","178.95","180.72","171.13","2.49K","1.38%"
"11/15/2018","177.49","172.21","177.49","169.18","2.67K","3.07%"
"11/14/2018","172.21","184.24","184.24","172.21","0.06K","0.06%"
"11/13/2018","172.11","173.09","184.33","172.11","1.21K","-0.56%"
"11/12/2018","173.09","175.04","175.24","173.09","2.66K","-1.67%"
"11/09/2018","176.02","176.02","180.91","176.02","7.61K","0.00%"
"11/08/2018","176.02","181.11","185.60","176.02","4.93K","-2.70%"
"11/07/2018","180.91","183.84","185.80","180.03","1.56K","-1.60%"
"11/06/2018","183.84","185.80","185.80","181.89","0.32K","-1.05%"
"11/05/2018","185.80","180.91","185.80","180.91","0.08K","2.70%"
"10/31/2018","180.91","185.80","185.80","180.91","0.55K","-0.27%"
"10/30/2018","181.40","180.91","184.82","180.91","0.23K","-0.80%"
"10/29/2018","182.87","180.91","182.87","180.91","0.08K","-0.53%"
"10/26/2018","183.84","184.82","184.82","183.84","0.04K","-1.05%"
"10/25/2018","185.80","184.24","185.80","180.91","2.26K","0.53%"
"10/24/2018","184.82","184.82","184.82","180.91","0.43K","-0.53%"
"10/23/2018","185.80","185.70","186.09","185.70","6.50K","0.05%"
"10/22/2018","185.70","179.54","185.70","179.54","0.63K","0.00%"
"10/19/2018","185.70","185.70","185.70","184.33","0.12K","0.00%"
"10/18/2018","185.70","185.70","185.70","185.70","0.02K","0.00%"
"10/17/2018","185.70","185.70","185.70","185.70","0.07K","2.65%"
"10/16/2018","180.91","181.11","181.11","180.91","0.39K","-0.54%"
"10/12/2018","181.89","185.80","185.80","181.89","0.40K","1.09%"
"10/11/2018","179.93","184.04","184.04","179.93","1.32K","-2.65%"
"10/10/2018","184.82","185.70","185.70","184.82","0.33K","-0.47%"
"10/09/2018","185.70","180.13","185.70","180.13","0.04K","3.21%"
"10/08/2018","179.93","185.70","185.80","179.93","1.28K","-0.05%"
"10/05/2018","180.03","180.03","180.03","179.93","0.55K","-2.33%"
"10/03/2018","184.33","180.13","184.33","180.03","0.55K","1.89%"
"10/02/2018","180.91","185.80","185.80","180.91","2.59K","-1.75%"
"10/01/2018","184.14","185.80","185.80","184.14","0.91K","-0.11%"
"09/28/2018","184.33","184.82","184.82","184.33","1.47K","-0.26%"
"09/27/2018","184.82","185.80","185.80","184.82","0.08K","-0.53%"
"09/26/2018","185.80","184.92","188.54","184.92","0.36K","0.00%"
"09/25/2018","185.80","184.92","185.80","184.53","0.32K","0.00%"
"09/24/2018","185.80","184.72","185.80","184.72","0.61K","0.58%"
"09/21/2018","184.72","184.72","184.72","184.72","0.01K","-0.05%"
"09/20/2018","184.82","184.63","184.82","184.63","0.26K","0.00%"
"09/19/2018","184.82","185.80","187.76","184.82","2.62K","-2.73%"
"09/18/2018","190.00","190.00","190.00","190.00","0.55K","0.00%"
"09/17/2018","190.00","190.00","190.00","190.00","0.16K","0.00%"
"09/14/2018","190.00","190.00","190.00","190.00","0.03K","0.00%"
"09/13/2018","190.00","190.00","194.80","190.00","5.13K","0.00%"
"09/12/2018","190.00","197.00","197.00","190.00","1.61K","-1.04%"
"09/11/2018","192.00","197.50","197.50","192.00","0.46K","0.00%"
"09/10/2018","192.00","194.00","194.00","192.00","2.13K","-1.03%"
"09/07/2018","194.00","197.00","197.00","194.00","0.44K","-1.52%"
"09/06/2018","197.00","194.10","197.00","194.10","0.31K","1.55%"
"09/05/2018","194.00","193.00","198.00","193.00","3.70K","0.52%"
"09/04/2018","193.00","194.50","197.00","193.00","0.41K","-0.72%"
"09/03/2018","194.40","189.00","194.50","189.00","2.67K","-0.31%"
"08/31/2018","195.00","194.50","195.00","194.50","0.15K","0.26%"
"08/30/2018","194.50","196.00","196.00","194.50","1.13K","-1.27%"
"08/29/2018","197.00","197.00","197.10","197.00","2.76K","0.00%"
"08/28/2018","197.00","196.20","197.00","196.10","1.27K","0.51%"
"08/24/2018","196.00","196.50","196.50","196.00","103.11K","-0.10%"
"08/23/2018","196.20","196.50","197.00","195.90","1.16K","-0.41%"
"08/22/2018","197.00","196.50","197.00","196.50","0.24K","0.20%"
"08/20/2018","196.60","198.00","198.00","196.60","0.59K","-0.71%"
"08/17/2018","198.00","196.60","198.00","196.50","0.42K","0.76%"
"08/16/2018","196.50","198.00","198.00","196.50","0.06K","-0.76%"
"08/15/2018","198.00","198.00","200.00","198.00","0.08K","0.76%"
"08/14/2018","196.50","196.50","196.50","196.50","0.25K","0.00%"
"08/13/2018","196.50","196.20","200.00","196.20","20.70K","-1.75%"
"08/10/2018","200.00","201.00","201.00","200.00","0.60K","-0.50%"
"08/09/2018","201.00","201.00","202.00","201.00","1.41K","0.00%"
"08/08/2018","201.00","201.00","201.00","201.00","0.28K","3.08%"
"08/07/2018","195.00","200.20","200.20","195.00","2.48K","-2.50%"
"08/06/2018","200.00","200.00","200.20","200.00","2.01K","-0.50%"
"08/03/2018","201.00","205.00","205.00","201.00","0.45K","-1.95%"
"08/02/2018","205.00","205.00","205.20","205.00","1.02K","0.00%"
"08/01/2018","205.00","204.00","205.00","204.00","1.05K","0.49%"
"07/31/2018","204.00","205.00","205.00","204.00","0.23K","-0.49%"
"07/30/2018","205.00","200.20","205.00","200.20","1.36K","1.08%"
"07/27/2018","202.80","204.00","204.00","202.80","1.34K","-0.59%"
"07/26/2018","204.00","194.00","204.00","193.70","1.44K","8.63%"
"07/25/2018","187.80","187.00","187.80","187.00","0.07K","0.43%"
"07/24/2018","187.00","188.10","188.10","186.00","3.39K","-0.53%"
"07/23/2018","188.00","188.00","189.00","188.00","3.36K","-1.05%"
"07/20/2018","190.00","193.00","193.00","190.00","1.19K","-1.55%"
"07/19/2018","193.00","189.00","193.90","189.00","2.19K","2.66%"
"07/18/2018","188.00","194.00","194.00","188.00","4.00K","-3.49%"
"07/17/2018","194.80","190.10","194.80","190.00","0.37K","-0.10%"
"07/16/2018","195.00","190.00","195.00","190.00","2.15K","2.63%"
"07/13/2018","190.00","193.00","193.00","190.00","0.77K","-0.84%"
"07/12/2018","191.60","195.00","195.00","191.60","0.20K","0.00%"
"07/11/2018","191.60","195.00","195.00","188.00","89.90K","1.38%"
"07/09/2018","189.00","188.00","195.00","188.00","2.80K","0.00%"
"07/06/2018","189.00","190.00","191.00","188.60","1.55K","-1.05%"
"07/05/2018","191.00","194.50","195.00","190.00","0.97K","-2.05%"
"07/04/2018","195.00","195.00","195.10","185.00","7.40K","0.00%"
"07/03/2018","195.00","198.00","198.00","195.00","9.73K","0.05%"
"07/02/2018","194.90","195.10","195.10","194.00","1.70K","1.51%"
"06/29/2018","192.00","200.00","200.00","192.00","120.19K","-4.00%"
"06/28/2018","200.00","200.00","200.00","200.00","2.35K","0.00%"
"06/27/2018","200.00","197.00","200.00","197.00","0.06K","1.52%"
"06/26/2018","197.00","200.00","200.00","197.00","1.61K","-1.50%"
"06/25/2018","200.00","200.00","204.00","191.00","1.07K","4.71%"
"06/22/2018","191.00","195.00","198.00","190.00","4.80K","-2.05%"
"06/21/2018","195.00","203.80","203.80","195.00","7.42K","-2.50%"
"06/20/2018","200.00","200.00","200.20","200.00","1.11K","0.40%"
"06/19/2018","199.20","203.00","203.00","198.00","7.05K","-1.48%"
"06/18/2018","202.20","204.80","204.80","202.20","1.68K","-1.27%"
"06/14/2018","204.80","205.20","205.20","204.00","3.87K","-0.19%"
"06/13/2018","205.20","206.20","206.20","205.20","1.71K","-0.77%"
"06/11/2018","206.80","206.80","206.80","206.80","0.07K","0.00%"
"06/08/2018","206.80","207.00","207.00","206.80","0.63K","-0.10%"
"06/07/2018","207.00","207.00","207.00","207.00","1.29K","0.10%"
"06/06/2018","206.80","206.80","206.80","206.80","0.09K","0.00%"
"06/05/2018","206.80","208.00","208.00","206.20","0.67K","-0.58%"
"06/04/2018","208.00","208.00","208.00","208.00","0.26K","0.10%"
"06/01/2018","207.80","208.00","208.00","207.60","1.12K","0.10%"
"05/31/2018","207.60","207.80","207.80","203.40","1.29K","2.27%"
"05/30/2018","203.00","205.20","205.20","203.00","2.05K","-0.98%"
"05/29/2018","205.00","208.00","208.00","205.00","2.41K","0.00%"
"05/28/2018","205.00","205.00","208.80","204.40","1.99K","0.49%"
"05/25/2018","204.00","204.00","204.00","204.00","0.77K","0.00%"
"05/24/2018","204.00","204.00","208.00","203.00","2.95K","0.00%"
"05/23/2018","204.00","204.00","204.20","203.20","4.51K","0.49%"
"05/22/2018","203.00","211.00","211.00","203.00","5.52K","-3.79%"
"05/21/2018","211.00","211.60","213.00","211.00","4.23K","-0.38%"
"05/18/2018","211.80","210.00","211.80","209.40","2.33K","1.24%"
"05/17/2018","209.20","213.80","213.80","209.00","3.54K","-0.38%"
"05/16/2018","210.00","214.00","214.00","210.00","12.67K","-1.87%"
"05/15/2018","214.00","214.00","214.00","209.00","3.97K","0.00%"
"05/11/2018","214.00","211.00","214.00","211.00","6.16K","1.42%"
"05/10/2018","211.00","211.00","211.20","211.00","10.10K","0.00%"
"05/09/2018","211.00","211.80","211.80","210.00","32.82K","-0.28%"
"05/08/2018","211.60","218.00","218.00","211.00","6.16K","-1.58%"
"05/07/2018","215.00","218.00","218.00","213.00","4.13K","-1.38%"
"05/04/2018","218.00","219.80","219.80","217.60","5.23K","-0.73%"
"05/03/2018","219.60","219.40","220.00","219.40","2.90K","-0.09%"
"05/02/2018","219.80","220.00","220.00","219.20","5.00K","-0.09%"
"04/30/2018","220.00","220.00","220.00","219.20","3.60K","0.00%"
"04/27/2018","220.00","220.00","220.00","220.00","4.92K","-0.90%"
"04/26/2018","222.00","224.00","224.00","222.00","2.50K","0.91%"
"04/25/2018","220.00","224.20","224.80","220.00","4.61K","-2.65%"
"04/24/2018","226.00","226.80","228.00","226.00","4.25K","-0.88%"
"04/23/2018","228.00","228.00","228.00","228.00","3.17K","0.00%"
"04/20/2018","228.00","224.00","228.00","224.00","4.62K","1.79%"
"04/19/2018","224.00","225.00","225.00","220.00","8.79K","0.00%"
"04/18/2018","224.00","229.00","229.00","224.00","6.98K","-1.75%"
"04/17/2018","228.00","228.00","228.00","228.00","1.76K","0.00%"
"04/16/2018","228.00","228.00","229.00","227.00","1.19K","0.00%"
"04/13/2018","228.00","229.00","229.00","228.00","0.94K","0.00%"
"04/12/2018","228.00","230.00","230.00","228.00","5.71K","-0.44%"
"04/11/2018","229.00","230.00","230.00","229.00","2.83K","-0.43%"
"04/10/2018","230.00","230.00","230.00","229.00","0.61K","-0.43%"
"04/06/2018","231.00","231.00","235.00","231.00","8.12K","0.00%"
"04/05/2018","231.00","236.00","236.00","230.00","5.14K","-1.95%"
"04/04/2018","235.60","236.00","236.00","235.40","1.70K","-0.17%"
"04/03/2018","236.00","237.00","237.00","235.00","6.98K","-0.67%"
"04/02/2018","237.60","237.80","237.80","237.40","1.85K","-0.08%"
"03/28/2018","237.80","239.00","239.00","237.80","3.15K","-0.25%"
"03/27/2018","238.40","239.00","239.00","238.40","5.00K","-0.25%"
"03/26/2018","239.00","239.00","239.00","238.40","0.58K","0.08%"
"03/23/2018","238.80","240.20","240.20","238.80","4.35K","-0.83%"
"03/22/2018","240.80","240.00","241.60","240.00","4.74K","0.42%"
"03/21/2018","239.80","240.00","240.00","239.80","32.74K","-0.08%"
"03/20/2018","240.00","242.00","242.00","240.00","28.95K","-0.41%"
"03/19/2018","241.00","244.00","244.00","240.00","7.90K","-1.55%"
"03/16/2018","244.80","245.00","247.00","244.00","3.61K","-0.08%"
"03/15/2018","245.00","247.00","248.00","244.00","35.25K","-0.81%"
"03/14/2018","247.00","248.60","248.60","246.00","12.11K","-0.48%"
"03/13/2018","248.20","247.80","248.60","247.80","20.23K","0.16%"
"03/12/2018","247.80","248.00","248.80","247.60","65.98K","-0.40%"
"03/09/2018","248.80","247.00","249.00","247.00","25.88K","0.00%"
"03/08/2018","248.80","249.20","249.80","248.60","20.87K","0.00%"
"03/07/2018","248.80","248.00","250.00","247.80","23.97K","0.32%"
"03/06/2018","248.00","248.00","249.00","248.00","19.02K","0.00%"
"03/05/2018","248.00","248.80","248.80","247.00","5.57K","0.81%"
"03/02/2018","246.00","245.00","248.60","245.00","11.45K","0.41%"
"03/01/2018","245.00","244.80","248.80","240.00","219.95K","0.00%"
"02/28/2018","245.00","244.40","245.40","244.40","3.73K","0.41%"
"02/27/2018","244.00","248.00","248.00","244.00","2.09K","-1.93%"
"02/26/2018","248.80","259.80","259.80","240.00","44.64K","5.33%"
"02/23/2018","236.20","236.00","240.00","236.00","30.74K","-0.84%"
"02/22/2018","238.20","239.00","240.00","238.20","29.84K","-0.58%"
"02/21/2018","239.60","237.00","240.00","237.00","14.28K","1.10%"
"02/20/2018","237.00","236.20","239.80","236.20","0.50K","-1.25%"
"02/19/2018","240.00","239.80","240.00","239.80","0.61K","0.08%"
"02/15/2018","239.80","237.00","239.80","236.20","1.92K","1.18%"
"02/14/2018","237.00","239.60","239.60","235.00","1.78K","-1.09%"
"02/13/2018","239.60","239.80","239.80","238.60","1.30K","-0.08%"
"02/12/2018","239.80","240.00","240.00","239.80","0.63K","0.00%"
"02/09/2018","239.80","240.00","240.00","238.00","29.04K","0.76%"
"02/08/2018","238.00","240.00","240.00","238.00","1.15K","0.00%"
"02/07/2018","238.00","238.00","238.00","237.40","8.94K","0.00%"
"02/06/2018","238.00","243.00","243.00","238.00","8.87K","-0.17%"
"02/05/2018","238.40","240.00","241.00","238.00","4.32K","-1.59%"
"02/02/2018","242.24","242.83","243.22","241.45","33.17K","0.24%"
"02/01/2018","241.65","241.65","243.22","241.65","16.31K","0.00%"
"01/31/2018","241.65","241.45","242.83","241.45","1.51K","-0.24%"
"01/30/2018","242.24","243.22","243.81","242.24","8.17K","-0.40%"
"01/29/2018","243.22","241.25","243.22","241.25","1.54K","0.82%"
"01/26/2018","241.25","237.71","243.22","237.71","4.07K","1.66%"
"01/25/2018","237.32","234.95","239.29","234.76","13.33K","2.12%"
"01/24/2018","232.39","237.32","237.32","232.39","2.64K","-2.08%"
"01/23/2018","237.32","237.32","237.32","233.38","16.86K","-1.53%"
"01/22/2018","241.00","240.00","242.00","240.00","6.14K","0.00%"
"01/19/2018","241.00","240.00","242.00","236.20","11.15K","0.42%"
"01/18/2018","240.00","240.00","241.00","240.00","0.62K","-0.41%"
"01/17/2018","241.00","242.20","242.20","241.00","7.68K","-0.41%"
"01/16/2018","242.00","243.00","243.00","242.00","2.58K","-0.41%"
"01/15/2018","243.00","240.00","243.00","240.00","1.59K","1.25%"
"01/12/2018","240.00","242.00","242.00","240.00","5.47K","0.84%"
"01/11/2018","238.00","238.80","239.00","238.00","0.59K","-0.42%"
"01/10/2018","239.00","239.00","239.00","239.00","0.59K","-0.08%"
"01/09/2018","239.20","239.80","240.00","239.20","50.73K","0.93%"
"01/08/2018","237.00","237.00","239.80","237.00","0.66K","-1.25%"
"01/05/2018","240.00","240.00","240.00","237.00","2.20K","0.00%"
"01/04/2018","240.00","237.00","240.00","237.00","6.05K","1.27%"
"01/03/2018","237.00","244.00","244.00","237.00","94.95K","-1.25%"
"12/29/2017","240.00","233.00","240.00","233.00","243.92K","2.56%"
"12/28/2017","234.00","234.00","235.00","233.00","23.96K","-0.43%"
"12/27/2017","235.00","234.00","235.00","234.00","2.00K","0.00%"
"12/22/2017","235.00","234.80","235.00","233.20","5.39K","0.00%"
"12/21/2017","235.00","235.00","235.00","235.00","0.17K","0.77%"
"12/20/2017","233.20","234.00","235.00","233.00","0.83K","-1.19%"
"12/19/2017","236.00","235.00","236.00","235.00","1.31K","0.43%"
"12/18/2017","235.00","239.00","239.00","235.00","0.96K","-1.18%"
"12/15/2017","237.80","236.00","237.80","236.00","5.14K","1.19%"
"12/14/2017","235.00","237.00","237.00","235.00","13.74K","-0.42%"
"12/13/2017","236.00","237.00","237.00","235.00","2.24K","-0.84%"
"12/12/2017","238.00","238.00","238.00","237.00","105.82K","-0.75%"
"12/11/2017","239.80","239.80","239.80","239.80","0.09K","0.00%"
"12/08/2017","239.80","235.00","240.00","235.00","6.05K","0.00%"
"12/07/2017","239.80","239.80","239.80","235.00","1.09K","2.04%"
"12/06/2017","235.00","236.00","236.00","235.00","4.54K","-2.00%"
"12/05/2017","239.80","236.00","239.80","236.00","0.08K","1.18%"
"12/04/2017","237.00","237.00","237.00","237.00","0.33K","-1.25%"
"12/01/2017","240.00","238.00","240.00","238.00","2.81K","0.00%"
"11/29/2017","240.00","240.00","240.00","240.00","1.64K","-0.41%"
"11/28/2017","241.00","240.00","241.00","240.00","0.83K","0.42%"
"11/27/2017","240.00","238.00","240.40","238.00","1.95K","0.84%"
"11/24/2017","238.00","240.20","243.20","238.00","1.36K","-0.92%"
"11/23/2017","240.20","240.00","243.20","240.00","2.97K","-0.74%"
"11/22/2017","242.00","243.00","243.00","239.00","1.09K","-0.41%"
"11/21/2017","243.00","243.40","243.40","240.00","1.48K","-0.16%"
"11/20/2017","243.40","243.00","244.60","243.00","1.81K","0.16%"
"11/17/2017","243.00","244.80","244.80","240.00","0.86K","-0.65%"
"11/16/2017","244.60","244.60","244.60","243.80","0.11K","1.92%"
"11/15/2017","240.00","244.20","244.20","240.00","0.67K","-1.72%"
"11/14/2017","244.20","243.40","244.20","243.00","0.43K","0.49%"
"11/13/2017","243.00","244.80","244.80","243.00","0.27K","-0.74%"
"11/10/2017","244.80","245.00","245.00","240.00","0.28K","1.58%"
"11/09/2017","241.00","245.00","245.00","241.00","0.40K","-0.41%"
"11/08/2017","242.00","240.00","244.00","240.00","1.59K","-0.82%"
"11/07/2017","244.00","240.00","244.00","240.00","1.36K","1.67%"
"11/06/2017","240.00","240.00","240.00","240.00","0.50K","-0.41%"
"11/03/2017","241.00","240.00","244.20","240.00","0.21K","-1.39%"
"11/02/2017","244.40","239.20","244.40","239.20","0.06K","-0.08%"
"10/30/2017","244.60","242.60","245.20","242.20","5.39K","1.07%"
"10/27/2017","242.00","240.00","242.00","240.00","3.98K","0.50%"
"10/26/2017","240.80","241.40","241.40","240.80","3.01K","-0.33%"
"10/25/2017","241.60","239.40","241.60","239.40","6.77K","1.00%"
"10/24/2017","239.20","239.80","239.80","235.00","2.68K","-0.25%"
"10/23/2017","239.80","238.00","239.80","238.00","0.28K","0.76%"
"10/20/2017","238.00","240.00","240.00","238.00","0.76K","-0.83%"
"10/19/2017","240.00","240.00","240.00","238.20","0.51K","0.00%"
"10/18/2017","240.00","240.00","240.00","239.00","0.69K","0.00%"
"10/17/2017","240.00","240.00","240.00","238.80","0.83K","0.00%"
"10/13/2017","240.00","240.00","240.00","238.80","0.18K","0.00%"
"10/12/2017","240.00","239.00","240.00","239.00","0.09K","0.00%"
"10/11/2017","240.00","240.00","240.00","239.00","0.31K","0.00%"
"10/10/2017","240.00","240.20","241.00","240.00","2.53K","-0.41%"
"10/09/2017","241.00","240.00","241.00","240.00","1.32K","0.42%"
"10/06/2017","240.00","240.00","240.00","239.00","4.18K","0.59%"
"10/05/2017","238.60","237.80","238.60","237.60","1.05K","0.25%"
"10/04/2017","238.00","238.00","238.00","237.60","3.96K","0.00%"
"10/03/2017","238.00","240.00","240.00","238.00","1.26K","-0.83%"
"10/02/2017","240.00","240.60","240.60","240.00","0.40K","0.00%"
"09/29/2017","240.00","239.00","240.00","236.60","12.34K","0.00%"
"09/28/2017","240.00","240.60","240.60","239.00","0.59K","0.00%"
"09/27/2017","240.00","240.00","240.40","240.00","5.91K","-0.33%"
"09/26/2017","240.80","241.00","241.00","240.00","4.52K","-0.08%"
"09/25/2017","241.00","241.00","241.00","240.00","3.03K","0.00%"
"09/22/2017","241.00","238.00","241.00","237.60","0.60K","1.09%"
"09/21/2017","238.40","239.00","240.00","238.40","10.09K","0.17%"
"09/20/2017","238.00","237.60","238.00","237.60","5.17K","0.17%"
"09/19/2017","237.60","237.60","238.00","237.60","10.46K","0.00%"
"09/18/2017","237.60","237.60","237.60","237.20","1.46K","0.00%"
"09/15/2017","237.60","237.60","237.60","237.60","2.09K","0.00%"
"09/14/2017","237.60","236.00","241.60","236.00","0.03K","0.68%"
"09/13/2017","236.00","240.00","240.00","236.00","97.55K","0.00%"
"09/11/2017","236.00","236.60","238.00","236.00","60.74K","-0.25%"
"09/08/2017","236.60","236.20","239.00","235.80","50.43K","-0.59%"
"09/07/2017","238.00","238.80","239.00","236.00","60.40K","-0.34%"
"09/06/2017","238.80","238.60","238.80","238.60","0.09K","0.08%"
"09/05/2017","238.60","237.00","238.80","235.60","0.93K","0.25%"
"09/04/2017","238.00","238.00","238.00","236.00","1.40K","0.00%"
"08/31/2017","238.00","238.80","238.80","238.00","240.51K","-0.42%"
"08/30/2017","239.00","237.00","239.00","237.00","0.09K","0.84%"
"08/29/2017","237.00","237.20","237.20","237.00","2.36K","-1.25%"
"08/25/2017","240.00","240.00","240.00","240.00","0.03K","0.00%"
"08/24/2017","240.00","240.60","240.60","236.20","0.57K","0.00%"
"08/23/2017","240.00","237.00","240.00","236.00","0.42K","1.27%"
"08/22/2017","237.00","239.00","240.00","237.00","4.89K","-0.84%"
"08/18/2017","239.00","241.00","241.00","239.00","0.03K","-0.99%"
"08/17/2017","241.40","241.60","241.60","241.40","0.08K","-0.17%"
"08/16/2017","241.80","238.40","241.80","238.20","0.13K","1.60%"
"08/15/2017","238.00","241.80","241.80","238.00","1.08K","-1.57%"
"08/14/2017","241.80","241.00","241.80","241.00","1.72K","0.75%"
"08/11/2017","240.00","240.00","241.00","238.00","10.82K","-0.33%"
"08/10/2017","240.80","240.60","241.00","240.00","10.45K","0.33%"
"08/09/2017","240.00","241.00","241.00","239.80","0.37K","-0.41%"
"08/08/2017","241.00","239.80","241.00","239.80","0.58K","0.50%"
"08/07/2017","239.80","240.80","240.80","239.80","0.38K","-0.50%"
"08/04/2017","241.00","240.00","241.00","240.00","1.46K","0.00%"
"08/03/2017","241.00","240.00","241.00","240.00","4.21K","0.00%"
"08/02/2017","241.00","237.80","241.00","237.80","1.37K","0.84%"
"08/01/2017","239.00","241.00","241.00","237.60","0.58K","-0.42%"
"07/31/2017","240.00","242.00","242.00","237.80","134.97K","0.08%"
"07/28/2017","239.80","242.00","242.00","239.80","2.42K","-0.75%"
"07/27/2017","241.60","240.00","242.00","240.00","0.35K","-0.17%"
"07/26/2017","242.00","240.00","242.00","240.00","3.05K","0.83%"
"07/25/2017","240.00","242.00","242.00","240.00","2.51K","-1.15%"
"07/24/2017","242.80","244.80","244.80","242.80","1.11K","-0.82%"
"07/21/2017","244.80","244.00","245.00","243.60","0.23K","0.25%"
"07/20/2017","244.20","247.80","247.80","244.20","3.45K","-0.33%"
"07/19/2017","245.00","245.20","248.00","245.00","1.84K","-0.81%"
"07/18/2017","247.00","245.00","247.00","244.40","0.49K","-0.40%"
"07/17/2017","248.00","246.00","248.00","245.00","1.93K","0.98%"
"07/14/2017","245.60","246.00","249.00","245.60","1.64K","-1.37%"
"07/13/2017","249.00","245.00","249.00","245.00","0.44K","1.63%"
"07/12/2017","245.00","249.00","249.00","245.00","0.73K","-1.61%"
"07/11/2017","249.00","250.00","251.00","249.00","0.90K","0.00%"
"07/10/2017","249.00","252.00","252.00","245.00","4.32K","-1.58%"
"07/07/2017","253.00","252.00","253.80","250.00","0.77K","0.40%"
"07/06/2017","252.00","253.00","255.00","247.00","6.55K","-0.79%"
"07/05/2017","254.00","253.20","259.00","253.20","1.44K","0.79%"
"07/04/2017","252.00","245.00","252.00","245.00","10.54K","3.19%"
"07/03/2017","244.20","243.60","244.80","243.60","2.88K","0.25%"
"06/30/2017","243.60","243.60","243.60","240.00","3.53K","1.33%"
"06/29/2017","240.40","242.80","243.80","240.20","1.34K","0.17%"
"06/28/2017","240.00","240.00","243.80","240.00","4.96K","-1.40%"
"06/27/2017","243.40","243.00","243.60","243.00","1.47K","0.00%"
"06/23/2017","243.40","243.60","243.60","240.00","0.21K","-0.08%"
"06/22/2017","243.60","243.80","244.00","240.00","1.92K","0.00%"
"06/21/2017","243.60","243.00","243.80","243.00","1.45K","0.00%"
"06/20/2017","243.60","238.00","243.80","238.00","16.53K","2.35%"
"06/19/2017","238.00","240.00","240.00","238.00","2.38K","0.00%"
"06/16/2017","238.00","239.00","240.00","238.00","0.90K","-0.34%"
"06/15/2017","238.80","239.00","239.00","237.60","3.74K","-0.08%"
"06/14/2017","239.00","239.00","239.00","239.00","0.61K","0.00%"
"06/13/2017","239.00","238.20","239.00","238.20","0.13K","0.25%"
"06/09/2017","238.40","238.80","238.80","238.20","0.14K","0.00%"
"06/08/2017","238.40","239.00","239.00","238.40","0.27K","-0.25%"
"06/07/2017","239.00","238.60","239.00","238.60","0.63K","0.00%"
"06/06/2017","239.00","239.80","239.80","237.80","1.93K","-0.33%"
"06/05/2017","239.80","240.00","240.00","239.80","0.87K","0.00%"
"06/02/2017","239.80","241.00","241.00","239.80","0.16K","-0.50%"
"06/01/2017","241.00","238.00","241.00","238.00","0.24K","0.00%"
"05/31/2017","241.00","238.60","242.00","238.60","0.22K","0.42%"
"05/30/2017","240.00","238.80","241.00","238.80","0.75K","0.50%"
"05/29/2017","238.80","238.80","240.00","238.40","2.65K","-1.32%"
"05/26/2017","242.00","238.80","242.00","238.80","0.51K","1.17%"
"05/25/2017","239.20","238.00","241.00","238.00","0.07K","-0.75%"
"05/24/2017","241.00","238.00","241.00","237.00","1.63K","1.18%"
"05/23/2017","238.20","239.00","239.00","238.00","2.53K","-0.75%"
"05/22/2017","240.00","240.00","240.00","240.00","0.30K","-0.83%"
"05/19/2017","242.00","243.00","243.00","241.00","2.40K","-0.41%"
"05/18/2017","243.00","240.00","243.00","238.20","0.20K","2.02%"
"05/17/2017","238.20","241.00","241.00","238.20","0.27K","-1.98%"
"05/16/2017","243.00","243.00","243.00","242.60","0.38K","0.00%"
"05/15/2017","243.00","240.40","243.00","240.00","0.10K","1.67%"
"05/12/2017","239.00","239.00","239.00","239.00","0.13K","0.34%"
"05/10/2017","238.20","240.00","242.00","238.20","4.25K","-1.00%"
"05/09/2017","240.60","242.00","243.60","240.60","2.06K","0.25%"
"05/08/2017","240.00","243.00","243.00","240.00","16.29K","-0.83%"
"05/05/2017","242.00","243.60","243.60","240.00","1.32K","-0.58%"
"05/04/2017","243.40","240.00","243.60","240.00","2.60K","0.58%"
"05/03/2017","242.00","240.00","242.00","240.00","5.36K","0.83%"
"05/02/2017","240.00","239.20","242.00","239.20","19.44K","0.00%"
"04/27/2017","240.00","241.80","241.80","239.60","106.28K","0.33%"
"04/26/2017","239.20","242.40","242.40","239.20","0.10K","-0.08%"
"04/25/2017","239.40","242.00","242.00","239.40","7.13K","-1.07%"
"04/24/2017","242.00","242.00","242.00","239.00","1.43K","0.83%"
"04/21/2017","240.00","240.00","242.80","237.00","8.69K","0.00%"
"04/20/2017","240.00","240.00","240.00","238.60","0.16K","0.00%"
"04/19/2017","240.00","240.00","240.00","240.00","2.35K","0.00%"
"04/18/2017","240.00","243.00","243.00","239.00","30.69K","0.00%"
"04/17/2017","240.00","241.00","241.00","240.00","0.39K","0.00%"
"04/12/2017","240.00","242.60","242.80","239.00","0.82K","-0.83%"
"04/11/2017","242.00","239.00","242.00","239.00","25.41K","1.26%"
"04/10/2017","239.00","242.00","242.00","238.00","3.27K","-1.40%"
"04/07/2017","242.40","242.60","242.60","242.40","0.50K","0.00%"
"04/06/2017","242.40","242.60","242.60","240.00","1.63K","0.50%"
"04/05/2017","241.20","240.00","241.80","240.00","1.48K","-0.08%"
"04/04/2017","241.40","239.00","242.00","239.00","0.12K","-0.08%"
"04/03/2017","241.60","241.60","241.60","241.60","0.01K","1.00%"
"03/31/2017","239.20","239.00","240.00","239.00","7.15K","-0.25%"
"03/30/2017","239.80","239.80","242.40","239.80","9.88K","0.00%"
"03/29/2017","239.80","238.00","240.80","238.00","0.92K","-0.08%"
"03/28/2017","240.00","240.00","240.00","235.00","1.98K","-0.82%"
"03/27/2017","241.98","240.79","241.98","240.79","2.28K","0.49%"
"03/24/2017","240.79","239.01","242.38","239.01","0.55K","1.25%"
"03/23/2017","237.82","239.80","239.80","237.82","0.12K","-1.23%"
"03/22/2017","240.79","241.38","241.38","240.79","0.92K","-0.24%"
"03/21/2017","241.38","239.80","241.78","238.81","2.20K","0.74%"
"03/20/2017","239.60","239.60","239.60","235.84","0.44K","0.75%"
"03/17/2017","237.82","239.80","239.80","237.82","0.06K","-0.91%"
"03/16/2017","240.00","240.00","240.00","240.00","1.04K","-0.08%"
"03/15/2017","240.20","240.20","242.00","240.20","0.53K","0.00%"
"03/14/2017","240.20","240.00","242.00","240.00","5.74K","0.08%"
"03/13/2017","240.00","240.00","240.00","238.00","0.37K","0.00%"
"03/10/2017","240.00","238.20","240.00","238.00","2.15K","0.84%"
"03/09/2017","238.00","238.00","240.00","238.00","0.91K","0.00%"
"03/08/2017","238.00","240.00","240.00","238.00","0.13K","-0.83%"
"03/07/2017","240.00","240.00","242.00","238.00","1.93K","0.00%"
"03/06/2017","240.00","239.00","240.40","239.00","5.02K","0.42%"
"03/03/2017","239.00","240.00","240.00","238.60","2.82K","-0.42%"
"03/02/2017","240.00","241.00","242.00","239.00","1.20K","-0.83%"
"03/01/2017","242.00","242.00","242.00","242.00","0.01K","0.00%"
"02/28/2017","242.00","242.00","242.00","242.00","0.12K","0.00%"
"02/27/2017","242.00","239.20","242.00","239.00","5.86K","1.26%"
"02/24/2017","239.00","242.00","243.00","239.00","1.06K","-1.24%"
"02/23/2017","242.00","243.40","244.00","242.00","0.35K","-0.66%"
"02/22/2017","243.60","243.80","244.00","240.00","1.58K","0.25%"
"02/21/2017","243.00","243.00","243.00","243.00","0.53K","1.25%"
"02/20/2017","240.00","240.00","240.00","240.00","0.45K","0.00%"
"02/17/2017","240.00","240.00","240.00","240.00","0.11K","-0.08%"
"02/16/2017","240.20","239.00","244.00","233.00","11.80K","0.08%"
"02/15/2017","240.00","240.00","242.00","240.00","2.68K","0.00%"
"02/14/2017","240.00","238.00","240.00","238.00","7.71K","1.27%"
"02/13/2017","237.00","237.00","239.00","237.00","5.92K","-0.84%"
"02/10/2017","239.00","239.00","239.00","239.00","0.08K","0.00%"
"02/09/2017","239.00","239.00","239.00","239.00","0.09K","0.00%"
"02/08/2017","239.00","239.00","239.00","239.00","0.50K","0.00%"
"02/07/2017","239.00","239.00","239.00","235.00","19.04K","0.17%"
"02/06/2017","238.60","239.00","239.00","238.60","0.39K","1.10%"
"02/03/2017","236.00","236.00","236.20","236.00","0.26K","0.00%"
"02/02/2017","236.00","240.00","240.00","236.00","0.65K","-1.67%"
"02/01/2017","240.00","237.00","240.00","237.00","0.26K","0.42%"
"01/31/2017","239.00","240.00","240.00","238.00","1.93K","0.42%"
"01/30/2017","238.00","240.00","240.00","238.00","0.62K","-0.83%"
"01/27/2017","240.00","240.00","240.00","240.00","0.13K","0.00%"
"01/26/2017","240.00","239.80","240.00","239.80","1.28K","0.00%"
"01/25/2017","240.00","240.00","240.00","240.00","0.49K","0.00%"
"01/24/2017","240.00","239.00","240.00","239.00","1.28K","0.00%"
"01/23/2017","240.00","240.00","240.00","240.00","1.32K","0.42%"
"01/20/2017","239.00","242.00","242.00","239.00","1.44K","-0.42%"
"01/19/2017","240.00","239.00","243.00","239.00","2.68K","0.08%"
"01/18/2017","239.80","240.00","240.00","239.00","0.85K","0.76%"
"01/17/2017","238.00","230.00","239.00","230.00","3.68K","4.39%"
"01/16/2017","228.00","230.00","236.00","228.00","13.62K","-0.87%"
"01/13/2017","230.00","238.20","238.20","230.00","31.39K","-3.36%"
"01/12/2017","238.00","240.00","243.00","237.80","19.95K","-0.83%"
"01/11/2017","240.00","245.00","245.00","239.00","4.55K","0.00%"
"01/10/2017","240.00","249.00","250.00","240.00","7.87K","-2.04%"
"01/09/2017","245.00","248.00","249.00","245.00","3.12K","0.00%"
"01/06/2017","245.00","245.00","245.40","244.00","10.66K","2.51%"
"01/05/2017","239.00","239.00","239.00","238.00","6.95K","0.00%"
"01/04/2017","239.00","239.20","244.00","238.60","42.93K","0.00%"
"01/03/2017","239.00","245.00","245.00","239.00","0.19K","0.25%"
"12/29/2016","238.40","239.20","239.80","238.00","15.68K","-0.58%"
"12/28/2016","239.80","244.00","244.00","239.80","62.40K","-1.72%"
"12/27/2016","244.00","245.00","245.00","243.00","1.47K","-1.61%"
"12/23/2016","248.00","247.00","248.00","247.00","0.15K","3.33%"
"12/22/2016","240.00","239.00","240.00","238.20","6.25K","0.42%"
"12/21/2016","239.00","239.00","240.00","238.80","2.78K","-0.42%"
"12/20/2016","240.00","240.00","240.00","236.20","5.16K","0.00%"
"12/19/2016","240.00","253.00","253.00","240.00","6.71K","-5.14%"
"12/16/2016","253.00","253.00","253.00","253.00","0.19K","-0.39%"
"12/15/2016","254.00","252.00","254.00","252.00","0.04K","0.79%"
"12/14/2016","252.00","252.00","252.00","248.00","0.04K","0.00%"
"12/13/2016","252.00","245.00","252.00","245.00","47.34K","2.86%"
"12/12/2016","245.00","251.60","253.00","245.00","7.28K","-2.62%"
"12/09/2016","251.60","254.00","254.20","250.00","1.09K","-1.02%"
"12/08/2016","254.20","255.00","255.00","250.00","64.20K","-1.47%"
"12/07/2016","258.00","256.00","258.00","256.00","0.54K","0.78%"
"12/06/2016","256.00","255.00","256.00","255.00","0.37K","-0.78%"
"12/05/2016","258.00","258.00","258.00","258.00","0.05K","0.00%"
"12/02/2016","258.00","258.80","258.80","258.00","0.34K","-0.39%"
"12/01/2016","259.00","255.00","259.00","255.00","0.04K","1.57%"
"11/29/2016","255.00","259.00","259.00","255.00","0.57K","-1.54%"
"11/28/2016","259.00","253.80","259.80","253.80","0.18K","2.70%"
"11/25/2016","252.20","260.00","260.00","252.20","0.80K","-2.85%"
"11/24/2016","259.60","255.60","259.60","252.20","0.96K","1.49%"
"11/23/2016","255.80","255.80","255.80","255.80","0.16K","0.00%"
"11/22/2016","255.80","257.00","257.00","255.80","7.37K","-0.39%"
"11/21/2016","256.80","257.20","260.00","256.80","2.10K","-1.23%"
"11/18/2016","260.00","260.00","260.00","259.80","1.78K","0.00%"
"11/17/2016","260.00","261.00","261.00","260.00","0.17K","0.00%"
"11/16/2016","260.00","265.00","265.00","258.00","0.52K","-1.89%"
"11/15/2016","265.00","258.00","265.00","257.00","0.82K","2.71%"
"11/14/2016","258.00","258.00","258.00","257.00","2.26K","-0.77%"
"11/11/2016","260.00","260.00","260.00","259.00","0.10K","0.00%"
"11/10/2016","260.00","260.00","260.00","260.00","0.01K","0.00%"
"11/09/2016","260.00","260.00","262.00","260.00","0.11K","0.00%"
"11/08/2016","260.00","259.00","263.00","259.00","3.20K","1.25%"
"11/07/2016","256.80","262.00","262.00","256.80","0.43K","-1.98%"
"11/04/2016","262.00","261.00","263.00","258.00","0.28K","0.77%"
"11/03/2016","260.00","255.00","265.00","255.00","0.73K","0.00%"
"11/02/2016","260.00","265.00","265.00","260.00","0.53K","1.96%"
"10/28/2016","255.00","258.60","259.00","255.00","4.34K","-1.47%"
"10/27/2016","258.80","260.00","260.00","258.00","2.36K","-0.46%"
"10/26/2016","260.00","260.00","265.00","260.00","0.43K","0.00%"
"10/25/2016","260.00","260.00","261.00","260.00","3.04K","0.00%"
"10/24/2016","260.00","259.40","260.00","259.40","1.19K","0.00%"
"10/21/2016","260.00","260.00","265.00","260.00","0.92K","-2.91%"
"10/19/2016","267.80","260.00","267.80","260.00","2.26K","0.68%"
"10/18/2016","266.00","260.00","266.00","259.20","1.47K","2.31%"
"10/17/2016","260.00","260.00","260.00","260.00","0.34K","0.00%"
"10/14/2016","260.00","260.00","260.00","260.00","0.68K","0.00%"
"10/13/2016","260.00","260.00","267.60","260.00","0.95K","0.00%"
"10/12/2016","260.00","263.00","263.00","260.00","0.40K","-3.35%"
"10/11/2016","269.00","269.00","269.00","269.00","0.05K","0.00%"
"10/10/2016","269.00","269.40","269.40","260.00","0.42K","-0.22%"
"10/07/2016","269.60","260.80","269.80","260.00","2.17K","3.69%"
"10/06/2016","260.00","269.80","269.80","260.00","3.40K","0.00%"
"10/05/2016","260.00","269.00","269.00","260.00","2.15K","-3.70%"
"10/04/2016","270.00","265.60","272.00","262.00","2.97K","1.81%"
"10/03/2016","265.20","268.60","272.00","265.20","2.11K","-1.34%"
"09/30/2016","268.80","269.60","269.60","268.80","0.41K","-1.18%"
"09/29/2016","272.00","272.00","272.00","269.60","0.56K","0.00%"
"09/28/2016","272.00","269.20","272.00","269.20","0.27K","1.04%"
"09/27/2016","269.20","269.80","269.80","269.20","0.27K","-0.22%"
"09/26/2016","269.80","272.00","272.00","269.80","0.60K","-0.81%"
"09/23/2016","272.00","272.00","272.00","270.00","2.71K","0.00%"
"09/22/2016","272.00","270.00","272.00","270.00","0.33K","0.00%"
"09/21/2016","272.00","270.00","272.00","270.00","0.23K","0.37%"
"09/20/2016","271.00","272.00","272.00","268.00","60.41K","-0.37%"
"09/19/2016","272.00","273.00","274.00","270.00","4.10K","-0.15%"
"09/16/2016","272.40","272.00","274.00","272.00","6.27K","0.15%"
"09/15/2016","272.00","274.00","274.00","272.00","0.47K","-0.73%"
"09/14/2016","274.00","274.00","274.00","270.00","4.20K","0.00%"
"09/13/2016","274.00","274.00","274.00","272.00","0.58K","0.00%"
"09/09/2016","274.00","278.20","278.20","274.00","6.66K","-1.44%"
"09/08/2016","278.00","274.00","278.00","274.00","11.49K","2.89%"
"09/07/2016","270.20","274.00","274.00","270.20","2.02K","-0.59%"
"09/06/2016","271.80","275.00","275.00","271.80","0.17K","-0.07%"
"09/05/2016","272.00","275.00","275.00","272.00","26.41K","-2.09%"
"09/02/2016","277.80","273.00","277.80","273.00","0.80K","1.02%"
"09/01/2016","275.00","275.40","275.40","275.00","4.53K","-0.72%"
"08/31/2016","277.00","278.00","278.00","276.00","1.64K","0.00%"
"08/30/2016","277.00","278.40","278.40","275.40","2.18K","-0.36%"
"08/26/2016","278.00","278.00","280.00","278.00","9.11K","-0.36%"
"08/25/2016","279.00","280.00","280.00","279.00","0.40K","-0.36%"
"08/24/2016","280.00","278.00","282.00","278.00","0.71K","0.00%"
"08/23/2016","280.00","280.00","280.00","278.00","0.74K","0.00%"
"08/22/2016","280.00","277.00","280.00","277.00","0.14K","0.00%"
"08/19/2016","280.00","280.00","280.00","279.00","102.60K","0.00%"
"08/18/2016","280.00","280.00","283.00","277.00","61.16K","1.08%"
"08/17/2016","277.00","280.00","280.00","277.00","1.06K","-1.07%"
"08/16/2016","280.00","278.00","280.00","278.00","0.27K","0.72%"
"08/15/2016","278.00","279.00","279.00","278.00","0.42K","-0.29%"
"08/12/2016","278.80","280.00","280.00","278.80","21.87K","-0.43%"
"08/11/2016","280.00","281.20","281.20","278.80","0.10K","-0.36%"
"08/10/2016","281.00","283.00","283.20","280.00","11.94K","-0.78%"
"08/09/2016","283.20","281.00","283.20","281.00","4.64K","1.14%"
"08/08/2016","280.00","277.20","280.00","277.00","5.91K","1.16%"
"08/05/2016","276.80","278.20","282.00","276.20","23.20K","-1.49%"
"08/04/2016","281.00","282.20","282.20","278.00","1.22K","1.08%"
"08/03/2016","278.00","278.00","278.20","276.00","1.22K","0.36%"
"08/02/2016","277.00","282.00","282.00","276.00","3.20K","-2.12%"
"08/01/2016","283.00","282.00","284.60","279.00","2.03K","0.35%"
"07/29/2016","282.00","284.00","284.00","280.00","0.29K","0.71%"
"07/28/2016","280.00","280.00","286.00","280.00","16.36K","0.00%"
"07/27/2016","280.00","278.00","280.00","277.00","10.77K","0.72%"
"07/26/2016","278.00","279.00","279.00","278.00","0.87K","-0.36%"
"07/25/2016","279.00","279.00","279.00","278.80","1.87K","0.00%"
"07/22/2016","279.00","280.00","280.00","278.00","7.48K","-0.36%"
"07/21/2016","280.00","287.00","287.00","274.00","0.72K","-2.44%"
"07/20/2016","287.00","288.80","288.80","280.00","1.40K","-0.69%"
"07/19/2016","289.00","278.00","289.00","278.00","1.91K","3.96%"
"07/18/2016","278.00","278.00","278.00","276.00","1.37K","0.72%"
"07/15/2016","276.00","276.00","278.00","273.60","5.26K","0.00%"
"07/14/2016","276.00","272.40","276.00","272.40","10.38K","1.47%"
"07/13/2016","272.00","270.60","273.00","270.60","1.68K","0.59%"
"07/12/2016","270.40","270.00","270.40","267.20","11.42K","2.04%"
"07/11/2016","265.00","268.00","268.00","265.00","0.30K","-1.85%"
"07/08/2016","270.00","269.00","270.00","265.00","9.90K","0.45%"
"07/07/2016","268.80","269.00","269.00","268.80","0.21K","3.78%"
"07/05/2016","259.00","269.00","269.00","259.00","2.77K","-3.72%"
"07/04/2016","269.00","266.00","270.00","263.00","0.24K","1.51%"
"07/01/2016","265.00","264.00","265.00","264.00","0.81K","0.38%"
"06/30/2016","264.00","263.00","264.00","259.40","4.47K","1.93%"
"06/29/2016","259.00","263.00","263.00","259.00","0.95K","0.23%"
"06/28/2016","258.40","258.00","263.00","258.00","1.47K","-1.00%"
"06/27/2016","261.00","260.00","263.00","260.00","18.76K","0.38%"
"06/24/2016","260.00","262.00","262.00","258.60","9.38K","-0.08%"
"06/23/2016","260.20","260.20","262.00","260.00","4.84K","-0.69%"
"06/22/2016","262.00","261.00","262.00","260.20","13.46K","0.08%"
"06/21/2016","261.80","262.80","262.80","261.00","10.08K","0.31%"
"06/20/2016","261.00","260.00","262.00","260.00","5.43K","-1.51%"
"06/17/2016","265.00","261.00","265.00","260.00","1.18K","1.15%"
"06/16/2016","262.00","263.00","263.00","262.00","1.71K","0.00%"
"06/15/2016","262.00","265.00","265.00","262.00","0.22K","0.77%"
"06/14/2016","260.00","262.00","262.00","260.00","1.14K","-1.52%"
"06/13/2016","264.00","262.00","265.00","262.00","0.14K","0.76%"
"06/10/2016","262.00","262.00","262.00","262.00","2.13K","0.00%"
"06/09/2016","262.00","264.00","264.00","260.00","2.27K","-0.76%"
"06/08/2016","264.00","260.00","265.00","260.00","0.60K","1.54%"
"06/07/2016","260.00","264.00","264.00","260.00","5.55K","-0.76%"
"06/06/2016","262.00","264.00","264.00","262.00","1.72K","0.00%"
"06/03/2016","262.00","263.00","263.00","257.00","1.38K","-0.76%"
"06/02/2016","264.00","262.40","264.00","260.00","0.71K","0.61%"
"06/01/2016","262.40","261.80","262.40","260.00","1.98K","0.31%"
"05/31/2016","261.60","260.00","261.80","260.00","3.94K","0.38%"
"05/30/2016","260.60","262.00","262.00","260.60","1.39K","-0.53%"
"05/27/2016","262.00","265.60","265.60","262.00","0.91K","-1.13%"
"05/26/2016","265.00","264.00","270.00","264.00","2.82K","0.00%"
"05/25/2016","265.00","265.00","270.00","265.00","3.66K","0.00%"
"05/24/2016","265.00","270.00","270.00","265.00","1.16K","-1.85%"
"05/23/2016","270.00","269.00","270.00","269.00","0.09K","0.75%"
"05/20/2016","268.00","270.00","270.00","268.00","0.03K","-0.74%"
"05/19/2016","270.00","273.00","273.00","270.00","1.05K","0.00%"
"05/18/2016","270.00","273.00","274.00","270.00","3.86K","0.00%"
"05/17/2016","270.00","274.00","274.00","270.00","0.25K","-1.10%"
"05/16/2016","273.00","273.00","273.00","265.20","0.90K","-0.15%"
"05/13/2016","273.40","275.00","275.00","265.00","0.94K","0.00%"
"05/12/2016","273.40","275.00","275.00","273.40","1.10K","0.00%"
"05/11/2016","273.40","265.00","274.40","265.00","2.87K","3.17%"
"05/10/2016","265.00","260.00","273.80","260.00","0.80K","1.92%"
"05/06/2016","260.00","263.00","263.00","259.00","1.55K","-1.14%"
"05/05/2016","263.00","264.00","264.00","262.00","15.96K","-0.38%"
"05/04/2016","264.00","264.00","264.00","264.00","0.21K","0.76%"
"05/03/2016","262.00","267.00","267.00","262.00","0.55K","-1.87%"
"05/02/2016","267.00","266.20","270.00","260.00","2.79K","0.30%"
"04/29/2016","266.20","266.20","266.20","266.20","0.21K","-1.04%"
"04/28/2016","269.00","270.00","270.00","269.00","0.31K","0.00%"
"04/27/2016","269.00","273.80","273.80","269.00","0.55K","-0.37%"
"04/26/2016","270.00","273.80","273.80","269.20","2.56M","-1.39%"
"04/25/2016","273.80","270.00","273.80","269.20","0.66K","1.41%"
"04/22/2016","270.00","271.00","271.00","270.00","3.64K","-1.39%"
"04/21/2016","273.80","271.00","273.80","271.00","0.42K","1.41%"
"04/20/2016","270.00","274.00","274.00","270.00","0.15K","-1.46%"
"04/19/2016","274.00","271.00","274.00","271.00","32.83K","1.11%"
"04/18/2016","271.00","270.20","271.00","270.00","2.51K","0.22%"
"04/15/2016","270.40","271.00","271.00","270.40","0.19K","-0.22%"
"04/14/2016","271.00","275.00","275.00","271.00","1.30K","-1.45%"
"04/13/2016","275.00","273.00","275.00","270.40","0.45K","0.00%"
"04/12/2016","275.00","274.00","275.00","274.00","0.39K","1.78%"
"04/11/2016","270.20","280.00","280.00","270.00","8.77K","-3.50%"
"04/08/2016","280.00","284.00","284.00","275.00","6.71K","1.82%"
"04/07/2016","275.00","275.00","280.00","275.00","1.26K","-1.79%"
"04/06/2016","280.00","280.00","280.00","280.00","1.33K","-2.71%"
"04/05/2016","287.80","289.00","289.00","285.00","0.56K","6.12%"
"04/04/2016","271.20","284.80","284.80","270.20","0.71K","-1.38%"
"04/01/2016","275.00","284.80","284.80","270.00","1.43K","-3.44%"
"03/31/2016","284.80","287.00","288.00","284.80","25.44K","-1.45%"
"03/30/2016","289.00","285.00","290.00","285.00","14.96K","1.40%"
"03/29/2016","285.00","285.00","287.00","285.00","11.63K","-0.70%"
"03/28/2016","287.00","287.00","289.40","286.00","3.23K","0.00%"
"03/23/2016","287.00","288.00","288.20","286.00","2.58K","-0.03%"
"03/22/2016","287.09","291.25","291.25","282.33","16.55K","-1.02%"
"03/21/2016","290.06","288.28","290.26","288.28","13.76K","0.62%"
"03/18/2016","288.28","282.14","288.28","281.34","3.12K","2.18%"
"03/17/2016","282.14","281.34","282.33","279.36","1.57K","1.35%"
"03/16/2016","278.37","279.36","281.94","277.38","2.06K","0.36%"
"03/15/2016","277.38","276.39","278.37","276.39","4.58K","1.82%"
"03/14/2016","272.43","277.18","277.18","270.45","0.94K","0.00%"
"03/11/2016","272.43","267.48","272.43","267.48","0.27K","0.45%"
"03/10/2016","271.20","279.80","280.00","269.00","0.72K","-1.38%"
"03/09/2016","275.00","270.00","275.00","269.00","2.51K","0.00%"
"03/08/2016","275.00","275.00","280.00","275.00","3.13K","0.00%"
"03/07/2016","275.00","274.00","279.80","274.00","1.77K","0.36%"
"03/04/2016","274.00","275.00","275.00","270.00","0.10K","-0.36%"
"03/03/2016","275.00","273.00","275.00","273.00","3.71K","2.23%"
"03/02/2016","269.00","274.00","274.00","269.00","3.59K","-1.82%"
"03/01/2016","274.00","270.00","274.00","270.00","55.82K","1.48%"
"02/29/2016","270.00","273.00","274.00","270.00","4.17K","-1.10%"
"02/26/2016","273.00","274.00","275.00","273.00","0.60K","-0.36%"
"02/24/2016","274.00","274.00","275.00","274.00","0.11K","1.48%"
"02/23/2016","270.00","269.00","270.00","269.00","1.00K","-1.46%"
"02/22/2016","274.00","269.00","274.00","269.00","0.75K","-0.22%"
"02/19/2016","274.60","273.80","275.00","267.00","1.93K","0.96%"
"02/18/2016","272.00","272.00","272.00","270.00","2.14K","-0.73%"
"02/17/2016","274.00","270.00","275.00","270.00","2.19K","1.48%"
"02/16/2016","270.00","274.00","274.00","270.00","0.33K","-1.10%"
"02/15/2016","273.00","267.00","275.00","267.00","1.57K","2.25%"
"02/12/2016","267.00","265.00","270.00","265.00","1.50K","0.75%"
"02/11/2016","265.00","265.00","265.00","265.00","0.76K","-1.85%"
"02/10/2016","270.00","274.00","274.00","270.00","0.08K","-1.46%"
"02/09/2016","274.00","265.00","275.00","265.00","0.13K","-0.36%"
"02/05/2016","275.00","277.00","277.00","275.00","0.15K","-0.72%"
"02/04/2016","277.00","277.60","277.60","277.00","0.02K","5.32%"
"02/03/2016","263.00","260.00","279.00","256.00","1.20K","-5.73%"
"02/02/2016","279.00","279.80","279.80","268.00","1.19K","0.36%"
"02/01/2016","278.00","278.00","280.00","270.00","0.92K","2.96%"
"01/29/2016","270.00","277.00","278.00","270.00","1.14K","-2.17%"
"01/28/2016","276.00","276.00","276.00","275.80","0.17K","0.00%"
"01/27/2016","276.00","270.00","278.60","270.00","2.40K","2.22%"
"01/26/2016","270.00","250.00","275.00","250.00","3.16K","8.00%"
"01/25/2016","250.00","238.00","250.00","238.00","1.65K","6.29%"
"01/22/2016","235.20","235.20","235.20","235.20","0.06K","0.09%"
"01/21/2016","235.00","238.40","250.00","232.00","15.64K","-2.08%"
"01/20/2016","240.00","249.00","249.00","239.60","2.05K","-3.61%"
"01/19/2016","249.00","250.00","267.80","249.00","4.14K","-0.40%"
"01/18/2016","250.00","252.20","252.20","250.00","1.64K","-3.47%"
"01/15/2016","259.00","268.00","268.00","259.00","3.96K","-3.36%"
"01/14/2016","268.00","272.40","272.40","268.00","3.56K","-1.62%"
"01/13/2016","272.40","273.00","274.00","272.40","5.59K","-0.95%"
"01/12/2016","275.00","275.00","278.60","275.00","2.26K","0.00%"
"01/11/2016","275.00","276.00","276.00","275.00","3.33K","-1.36%"
"01/08/2016","278.80","275.00","278.80","275.00","0.11K","1.38%"
"01/07/2016","275.00","276.00","276.00","275.00","1.46K","-0.36%"
"01/06/2016","276.00","276.00","276.00","276.00","1.28K","0.00%"
"01/05/2016","276.00","276.00","276.00","276.00","0.11K","0.36%"
"12/29/2015","275.00","280.00","282.00","275.00","25.16K","-1.79%"
"12/28/2015","280.00","280.00","282.00","279.20","14.37K","0.00%"
"12/23/2015","280.00","282.00","282.00","280.00","3.20K","-0.71%"
"12/22/2015","282.00","285.00","285.00","282.00","1.77K","-1.05%"
"12/21/2015","285.00","285.00","287.00","282.00","2.45K","0.35%"
"12/18/2015","284.00","289.00","289.00","284.00","4.72K","-1.73%"
"12/17/2015","289.00","290.00","290.00","289.00","8.44K","-0.14%"
"12/16/2015","289.40","289.80","289.80","289.20","0.40K","-0.21%"
"12/15/2015","290.00","290.00","290.00","290.00","0.52K","0.00%"
"12/14/2015","290.00","290.00","290.00","290.00","0.19K","0.00%"
"12/10/2015","290.00","290.00","290.00","290.00","1.45K","-0.07%"
"12/09/2015","290.20","290.20","290.20","290.00","1.01K","0.00%"
"12/08/2015","290.20","290.40","293.00","290.20","1.48K","-0.62%"
"12/07/2015","292.00","292.00","292.00","292.00","0.31K","-0.34%"
"12/04/2015","293.00","294.00","294.00","293.00","0.32K","0.00%"
"12/03/2015","293.00","293.00","293.00","293.00","0.19K","-0.27%"
"12/02/2015","293.80","293.20","293.80","293.20","25.12K","0.00%"
"12/01/2015","293.80","294.00","294.00","293.80","0.10K","0.00%"
"11/27/2015","293.80","293.80","293.80","293.80","1.04K","-0.07%"
"11/26/2015","294.00","294.20","294.40","294.00","19.69K","-0.07%"
"11/25/2015","294.20","295.00","295.00","293.80","1.13K","-0.27%"
"11/24/2015","295.00","295.00","295.00","295.00","0.50K","-0.34%"
"11/23/2015","296.00","296.00","296.00","295.00","0.74K","0.00%"
"11/20/2015","296.00","297.00","299.60","295.00","0.42K","-1.20%"
"11/17/2015","299.60","296.40","299.60","296.00","1.16K","-1.12%"
"11/11/2015","303.00","303.00","303.00","303.00","0.09K","0.00%"
"11/10/2015","303.00","300.00","303.00","300.00","5.04K","0.00%"
"11/09/2015","303.00","302.00","303.00","301.00","0.39K","0.66%"
"11/06/2015","301.00","300.00","303.00","300.00","0.74K","0.33%"
"11/05/2015","300.00","302.00","302.00","300.00","0.10K","-0.99%"
"11/04/2015","303.00","305.00","305.00","295.00","1.33K","-0.66%"
"11/03/2015","305.00","305.00","305.00","300.00","0.09K","-0.33%"
"10/30/2015","306.00","302.00","306.00","300.20","2.06K","2.00%"
"10/29/2015","300.00","296.00","302.00","296.00","1.24K","0.00%"
"10/28/2015","300.00","296.00","300.00","295.60","93.87K","0.00%"
"10/27/2015","300.00","295.80","300.00","295.80","4.51K","0.00%"
"10/26/2015","300.00","298.00","300.00","298.00","3.57K","0.13%"
"10/23/2015","299.60","298.00","299.80","298.00","1.10K","0.20%"
"10/22/2015","299.00","299.00","299.00","295.80","1.57K","0.00%"
"10/21/2015","299.00","299.00","299.00","299.00","0.05K","1.01%"
"10/20/2015","296.00","296.00","296.00","296.00","0.20K","0.14%"
"10/19/2015","295.60","295.00","295.60","295.00","1.01K","-0.14%"
"10/16/2015","296.00","299.00","299.00","296.00","2.45K","0.34%"
"10/15/2015","295.00","298.00","298.00","294.40","0.57K","-1.67%"
"10/14/2015","300.00","297.00","300.00","296.00","0.24K","1.01%"
"10/13/2015","297.00","296.20","297.00","296.00","2.31K","0.68%"
"10/12/2015","295.00","296.20","296.20","295.00","0.30K","-0.34%"
"10/09/2015","296.00","298.80","299.00","293.00","0.33K","-1.33%"
"10/08/2015","300.00","294.00","300.00","293.00","0.14K","2.04%"
"10/07/2015","294.00","294.20","294.20","293.00","2.30K","-0.34%"
"10/06/2015","295.00","295.00","295.00","294.00","1.48K","0.07%"
"10/05/2015","294.80","299.00","299.00","294.40","0.95K","-0.07%"
"10/02/2015","295.00","295.00","295.00","295.00","14.44K","0.00%"
"10/01/2015","295.00","295.00","295.00","295.00","0.08K","-0.34%"
"09/30/2015","296.00","296.00","296.00","296.00","0.03K","0.34%"
"09/28/2015","295.00","295.00","295.00","294.80","0.61K","0.00%"
"09/24/2015","295.00","296.00","296.00","295.00","1.20K","-1.01%"
"09/23/2015","298.00","298.00","298.00","298.00","0.13K","0.81%"
"09/22/2015","295.60","300.00","300.00","295.60","1.02K","-1.47%"
"09/21/2015","300.00","300.00","300.00","296.00","2.23K","0.00%"
"09/18/2015","300.00","300.00","300.00","300.00","0.01K","0.67%"
"09/17/2015","298.00","296.60","298.00","295.60","0.48K","0.40%"
"09/16/2015","296.80","297.00","297.00","296.80","0.39K","-0.07%"
"09/15/2015","297.00","297.00","299.00","297.00","1.14K","0.00%"
"09/14/2015","297.00","297.00","300.00","297.00","28.07K","-0.40%"
"09/11/2015","298.20","300.20","300.20","298.00","0.83K","-0.60%"
"09/10/2015","300.00","302.00","302.00","299.00","45.69K","0.27%"
"09/09/2015","299.20","297.00","300.20","297.00","20.39K","0.74%"
"09/08/2015","297.00","298.00","298.00","297.00","0.41K","-0.34%"
"09/07/2015","298.00","298.20","298.20","298.00","0.36K","-0.07%"
"09/04/2015","298.20","300.00","302.00","298.20","2.24K","-0.60%"
"09/03/2015","300.00","305.00","305.00","297.80","72.00K","0.00%"
"09/02/2015","300.00","298.80","305.00","298.00","54.43K","0.00%"
"09/01/2015","300.00","299.00","300.00","299.00","1.22K","0.00%"
"08/28/2015","300.00","300.00","300.00","299.00","80.82K","0.00%"
"08/27/2015","300.00","307.80","307.80","299.20","32.19K","0.07%"
"08/26/2015","299.80","299.80","300.00","298.00","64.29K","1.63%"
"08/25/2015","295.00","299.00","299.00","295.00","20.48K","-1.47%"
"08/24/2015","299.40","300.00","300.00","299.40","78.38K","-0.20%"
"08/20/2015","300.00","300.00","305.00","300.00","11.40K","-1.64%"
"08/19/2015","305.00","300.20","305.00","300.00","4.49K","1.33%"
"08/18/2015","301.00","306.60","306.60","301.00","0.24K","-0.66%"
"08/17/2015","303.00","303.00","304.00","300.00","1.35K","-0.33%"
"08/14/2015","304.00","304.00","304.00","304.00","0.72K","-0.33%"
"08/13/2015","305.00","306.60","306.60","304.00","0.90K","-0.52%"
"08/12/2015","306.60","305.00","306.60","305.00","0.69K","0.00%"
"08/11/2015","306.60","307.00","307.00","304.80","10.66K","0.00%"
"08/10/2015","306.60","307.00","307.00","305.00","0.36K","0.52%"
"08/07/2015","305.00","305.00","305.00","305.00","3.01K","0.00%"
"08/06/2015","305.00","305.00","305.20","305.00","22.19K","-0.65%"
"08/05/2015","307.00","305.00","308.00","305.00","22.29K","0.66%"
"08/04/2015","305.00","305.00","306.00","304.80","41.65K","-0.33%"
"08/03/2015","306.00","306.00","310.00","306.00","24.20K","-1.29%"
"07/31/2015","310.00","306.00","310.00","305.80","21.54K","-1.27%"
"07/30/2015","314.00","306.00","315.00","305.80","21.66K","2.61%"
"07/29/2015","306.00","306.00","316.00","306.00","27.66K","-0.91%"
"07/28/2015","308.80","309.00","309.00","307.20","22.21K","-1.03%"
"07/27/2015","312.00","308.00","314.00","306.80","31.32K","-1.08%"
"07/24/2015","315.40","305.00","316.00","305.00","44.94K","2.07%"
"07/23/2015","309.00","307.20","309.00","307.00","1.65K","0.65%"
"07/22/2015","307.00","307.20","307.20","307.00","1.21K","-0.07%"
"07/21/2015","307.20","307.20","310.00","307.00","5.74K","-0.07%"
"07/20/2015","307.40","307.20","310.00","307.20","0.40K","0.13%"
"07/16/2015","307.00","307.00","307.00","307.00","1.00K","-0.97%"
"07/15/2015","310.00","304.00","310.00","304.00","26.05K","0.32%"
"07/14/2015","309.00","301.00","310.00","300.00","25.02K","2.66%"
"07/13/2015","301.00","300.00","301.00","300.00","0.82K","-1.63%"
"07/10/2015","306.00","301.00","306.00","300.20","26.53K","2.00%"
"07/09/2015","300.00","302.00","305.00","300.00","27.15K","-0.99%"
"07/08/2015","303.00","305.80","305.80","301.00","1.22K","-0.92%"
"07/07/2015","305.80","302.00","305.80","302.00","0.13K","-0.07%"
"07/06/2015","306.00","305.00","306.00","302.00","4.00K","-0.20%"
"07/03/2015","306.60","306.60","306.80","306.60","1.99K","0.07%"
"07/02/2015","306.40","305.00","306.60","305.00","1.82K","0.46%"
"07/01/2015","305.00","305.60","305.60","305.00","0.49K","-0.20%"
"06/30/2015","305.60","305.20","305.60","305.00","0.16K","0.00%"
"06/29/2015","305.60","305.00","305.60","302.00","26.31K","0.20%"
"06/26/2015","305.00","306.00","306.00","305.00","1.54K","-0.33%"
"06/25/2015","306.00","306.00","306.00","306.00","0.10K","-0.26%"
"06/24/2015","306.80","306.00","306.80","306.00","0.22K","0.00%"
"06/23/2015","306.80","306.20","307.00","306.00","6.77K","-0.20%"
"06/22/2015","307.40","301.00","307.40","301.00","6.84K","0.26%"
"06/19/2015","306.60","306.00","306.80","306.00","1.15K","0.20%"
"06/18/2015","306.00","306.40","306.40","306.00","0.03K","-0.13%"
"06/17/2015","306.40","306.00","306.60","306.00","5.79K","0.13%"
"06/16/2015","306.00","302.20","306.00","302.20","0.50K","0.00%"
"06/15/2015","306.00","302.00","306.00","302.00","0.24K","0.00%"
"06/11/2015","306.00","306.00","306.00","306.00","0.37K","0.33%"
"06/10/2015","305.00","305.00","305.00","302.00","0.21K","0.00%"
"06/09/2015","305.00","307.00","307.00","304.00","7.76K","-0.65%"
"06/08/2015","307.00","305.00","307.00","305.00","1.38K","0.66%"
"06/05/2015","305.00","307.00","307.00","305.00","7.59K","-0.65%"
"06/04/2015","307.00","307.20","307.20","307.00","15.90K","-0.07%"
"06/03/2015","307.20","310.00","310.20","307.20","6.38K","-1.22%"
"06/02/2015","311.00","314.60","314.60","310.00","7.49K","-1.27%"
"06/01/2015","315.00","307.00","315.00","307.00","0.49K","2.61%"
"05/29/2015","307.00","307.00","309.00","303.00","3.77K","-0.90%"
"05/28/2015","309.80","314.00","314.00","308.00","10.78K","-0.06%"
"05/27/2015","310.00","313.00","313.00","310.00","0.67K","0.00%"
"05/26/2015","310.00","313.00","313.00","310.00","3.96K","-0.96%"
"05/25/2015","313.00","312.60","313.80","312.60","0.55K","-0.06%"
"05/22/2015","313.20","314.00","314.60","313.00","2.22K","-0.89%"
"05/21/2015","316.00","314.40","316.00","314.00","1.39K","0.51%"
"05/20/2015","314.40","317.00","317.00","314.40","1.78K","-0.82%"
"05/19/2015","317.00","317.00","318.00","317.00","1.19K","0.00%"
"05/18/2015","317.00","317.00","317.00","317.00","0.48K","0.00%"
"05/15/2015","317.00","318.00","318.00","317.00","1.07K","-0.25%"
"05/14/2015","317.80","315.00","317.80","315.00","1.06K","0.89%"
"05/13/2015","315.00","318.00","318.00","315.00","2.79K","-0.82%"
"05/12/2015","317.60","318.00","318.60","315.00","52.69K","-0.38%"
"05/11/2015","318.80","317.00","319.00","316.00","38.84K","0.57%"
"05/08/2015","317.00","318.00","318.00","317.00","27.40K","-0.31%"
"05/07/2015","318.00","315.00","318.00","315.00","45.72K","0.00%"
"05/06/2015","318.00","315.00","319.00","315.00","43.90K","-0.31%"
"05/05/2015","319.00","319.00","320.00","315.00","1.20K","0.00%"
"05/04/2015","319.00","325.00","326.00","319.00","0.37K","0.95%"
"04/30/2015","316.00","317.00","317.00","315.00","0.69K","-0.32%"
"04/29/2015","317.00","319.00","319.00","316.20","1.01K","0.13%"
"04/28/2015","316.60","318.20","318.20","316.40","2.57K","-0.50%"
"04/27/2015","318.20","324.00","324.00","318.20","2.89K","-0.56%"
"04/24/2015","320.00","323.20","329.80","320.00","2.00K","-0.62%"
"04/23/2015","322.00","330.00","330.00","320.20","1.05K","-1.53%"
"04/22/2015","327.00","327.00","327.00","325.00","1.11K","-0.30%"
"04/21/2015","328.00","330.00","330.00","320.20","0.70K","0.92%"
"04/20/2015","325.00","330.00","330.00","325.00","16.98K","-2.69%"
"04/17/2015","334.00","330.00","335.00","325.00","10.86K","2.45%"
"04/16/2015","326.00","326.00","330.00","326.00","36.34K","-1.21%"
"04/15/2015","330.00","326.00","335.00","320.00","6.62K","0.61%"
"04/14/2015","328.00","330.00","332.00","328.00","22.52K","-2.09%"
"04/13/2015","335.00","336.00","336.00","335.00","0.25K","-0.30%"
"04/10/2015","336.00","330.00","339.80","330.00","0.30K","0.00%"
"04/08/2015","336.00","330.00","336.00","330.00","9.90K","1.82%"
"04/07/2015","330.00","325.00","332.00","325.00","25.12K","1.66%"
"04/06/2015","324.60","318.80","325.00","318.80","4.23K","2.40%"
"04/01/2015","317.00","316.00","317.00","316.00","0.57K","0.32%"
"03/31/2015","316.00","320.60","320.60","316.00","1.85K","-1.37%"
"03/30/2015","320.40","330.00","330.00","320.00","0.71K","-2.91%"
"03/27/2015","330.00","332.40","332.40","330.00","4.30K","-0.72%"
"03/26/2015","332.40","336.00","336.00","332.40","0.42K","-1.07%"
"03/25/2015","336.00","339.80","340.00","336.00","1.67K","-1.06%"
"03/24/2015","339.60","335.20","339.60","332.40","16.32K","1.31%"
"03/23/2015","335.20","340.80","340.80","335.00","20.67K","-1.64%"
"03/20/2015","340.80","343.00","343.00","340.00","3.61K","-0.79%"
"03/19/2015","343.50","346.47","346.47","341.52","6.14K","-0.86%"
"03/18/2015","346.47","346.47","349.24","342.51","12.45K","0.00%"
"03/17/2015","346.47","348.45","353.40","346.47","9.06K","-0.57%"
"03/16/2015","348.45","349.04","350.43","346.47","4.82K","-0.11%"
"03/13/2015","348.85","349.44","350.43","348.65","2.14K","0.11%"
"03/12/2015","348.45","351.42","352.41","348.45","4.93K","-0.79%"
"03/11/2015","351.22","354.39","354.39","349.24","26.13K","-0.89%"
"03/10/2015","354.39","351.42","354.39","349.44","48.47K","0.85%"
"03/09/2015","351.42","352.61","352.61","351.42","3.75K","-0.39%"
"03/06/2015","352.80","354.39","355.38","352.61","28.47K","-0.95%"
"03/05/2015","356.17","350.23","356.17","349.44","37.24K","1.07%"
"03/04/2015","352.41","354.19","354.19","350.23","0.53K","-0.56%"
"03/03/2015","354.39","347.06","355.38","347.06","52.56K","0.85%"
"03/02/2015","351.42","351.42","351.42","346.67","3.05K","0.00%"
"02/27/2015","351.42","354.39","357.36","346.47","49.96K","-1.72%"
"02/26/2015","357.56","341.92","357.56","341.92","37.53K","2.91%"
"02/25/2015","347.46","346.47","347.46","340.53","23.38K","0.00%"
"02/24/2015","347.46","346.47","347.46","346.47","8.37K","0.29%"
"02/23/2015","346.47","341.52","346.47","338.55","22.22K","1.45%"
"02/20/2015","341.52","341.52","342.51","336.57","20.32K","0.29%"
"02/18/2015","340.53","336.57","340.53","336.57","17.17K","1.18%"
"02/17/2015","336.57","336.57","337.56","331.82","21.16K","0.00%"
"02/16/2015","336.57","336.57","342.51","336.57","0.73K","0.00%"
"02/13/2015","336.57","332.21","336.57","332.21","0.77K","0.00%"
"02/12/2015","336.57","336.57","339.54","336.57","2.44K","0.00%"
"02/11/2015","336.57","336.77","340.53","333.60","9.11K","-2.30%"
"02/10/2015","344.49","347.46","347.46","336.77","3.56K","-0.85%"
"02/09/2015","347.46","351.42","351.42","346.47","4.63K","-1.13%"
"02/06/2015","351.42","352.01","352.41","346.47","3.37K","-0.28%"
"02/05/2015","352.41","351.42","353.99","345.48","2.67K","0.28%"
"02/04/2015","351.42","351.22","353.40","351.22","3.39K","0.00%"
"02/03/2015","351.42","350.23","354.19","345.48","26.66K","1.43%"
"02/02/2015","346.47","351.42","352.41","346.47","43.69K","-1.41%"
"01/30/2015","351.42","353.40","354.19","345.48","60.08K","-0.56%"
"01/29/2015","353.40","308.85","354.39","308.85","164.04K","13.69%"
"01/28/2015","310.83","312.02","312.42","310.83","1.73K","-0.32%"
"01/27/2015","311.82","315.78","315.78","311.82","7.86K","-1.25%"
"01/26/2015","315.78","309.84","315.78","309.84","3.96K","1.92%"
"01/23/2015","309.84","311.82","315.78","309.64","16.54K","-0.63%"
"01/22/2015","311.82","316.57","316.57","310.83","4.30K","0.00%"
"01/21/2015","311.82","296.97","316.77","296.97","37.19K","5.00%"
"01/20/2015","296.97","293.02","297.37","293.02","111.98K","0.20%"
"01/19/2015","296.38","295.98","296.38","293.02","1.53K","0.00%"
"01/14/2015","296.38","293.21","296.38","293.21","33.94K","0.40%"
"01/13/2015","295.19","294.99","295.19","294.20","1.23K","0.74%"
"01/12/2015","293.02","292.82","294.80","289.45","9.13K","0.07%"
"01/09/2015","292.82","292.22","293.02","291.04","6.25K","0.20%"
"01/08/2015","292.22","293.02","293.02","292.02","1.48K","-0.27%"
"01/07/2015","293.02","292.02","293.02","292.02","1.67K","0.34%"
"01/06/2015","292.02","291.04","294.99","291.04","0.19K","0.34%"
"01/05/2015","291.04","287.47","291.04","287.47","6.22K","-1.28%"
"12/29/2014","294.80","294.99","294.99","294.80","0.91K","-0.07%"
"12/23/2014","294.99","294.80","294.99","287.47","12.26K","0.00%"
"12/22/2014","294.99","295.98","295.98","294.99","91.36K","-0.33%"
"12/19/2014","295.98","295.98","295.98","287.47","13.58K","0.00%"
"12/18/2014","295.98","296.38","296.78","287.08","6.00K","-0.13%"
"12/17/2014","296.38","295.98","296.38","295.98","11.22K","0.13%"
"12/16/2014","295.98","295.19","295.98","294.00","50.65K","0.27%"
"12/15/2014","295.19","294.99","295.59","292.02","28.31K","0.07%"
"12/12/2014","294.99","294.00","294.99","294.00","46.95K","0.34%"
"12/11/2014","294.00","292.22","294.80","292.02","68.24K","0.68%"
"12/10/2014","292.02","290.05","293.02","290.05","38.36K","0.68%"
"12/09/2014","290.05","287.08","290.05","287.08","29.45K","1.03%"
"12/05/2014","287.08","287.08","287.08","285.10","16.58K","0.00%"
"12/04/2014","287.08","287.08","287.47","284.11","32.98K","0.07%"
"12/03/2014","286.88","287.08","287.08","286.88","0.26K","0.28%"
"12/02/2014","286.08","287.08","287.08","280.15","19.56K","-0.34%"
"12/01/2014","287.08","287.08","287.67","285.10","21.13K","0.69%"
"11/28/2014","285.10","286.68","286.88","284.90","2.95K","0.00%"
"11/27/2014","285.10","285.29","285.29","285.10","1.02K","-0.69%"
"11/26/2014","287.08","287.08","287.08","285.49","0.47K","0.55%"
"11/25/2014","285.49","287.08","287.08","285.10","3.64K","-0.55%"
"11/24/2014","287.08","288.07","288.07","287.08","0.86K","-0.34%"
"11/21/2014","288.07","289.85","289.85","288.07","0.45K","0.00%"
"11/20/2014","288.07","290.05","290.05","288.07","0.36K","-0.68%"
"11/19/2014","290.05","287.47","290.05","287.47","23.16K","1.24%"
"11/18/2014","286.48","288.07","288.86","285.49","3.50K","-0.21%"
"11/17/2014","287.08","288.66","288.66","287.08","7.23K","-0.62%"
"11/14/2014","288.86","290.05","290.05","286.08","3.88K","-0.07%"
"11/13/2014","289.05","290.05","290.05","289.05","0.24K","0.69%"
"11/12/2014","287.08","287.08","287.08","285.69","2.16K","0.28%"
"11/11/2014","286.28","289.05","289.05","286.28","0.53K","-0.28%"
"11/10/2014","287.08","287.08","291.04","287.08","4.13K","-1.09%"
"11/07/2014","290.24","290.05","291.04","288.07","10.18K","-0.27%"
"11/06/2014","291.04","288.46","291.04","287.08","12.58K","1.38%"
"11/05/2014","287.08","288.46","289.05","287.08","15.65K","-0.41%"
"11/04/2014","288.26","289.05","289.05","287.08","2.71K","-0.14%"
"11/03/2014","288.66","287.08","289.05","287.08","1.94K","0.55%"
"10/31/2014","287.08","286.08","288.86","286.08","4.31K","0.76%"
"10/30/2014","284.90","286.08","286.08","284.11","1.00K","-0.07%"
"10/29/2014","285.10","284.50","285.10","284.11","0.52K","-0.35%"
"10/28/2014","286.08","284.50","286.08","284.50","20.64K","0.56%"
"10/27/2014","284.50","285.10","285.10","284.11","1.48K","-0.21%"
"10/24/2014","285.10","285.10","285.10","284.70","0.49K","0.07%"
"10/23/2014","284.90","285.10","285.10","284.11","2.14K","0.28%"
"10/22/2014","284.11","285.10","285.10","284.11","0.27K","-0.28%"
"10/21/2014","284.90","283.11","284.90","283.11","0.65K","0.28%"
"10/20/2014","284.11","283.11","285.89","283.11","2.27K","-0.69%"
"10/17/2014","286.08","283.11","286.08","281.14","3.68K","1.40%"
"10/16/2014","282.13","284.11","284.11","277.37","0.78K","0.00%"
"10/15/2014","282.13","282.13","282.13","278.36","0.39K","0.00%"
"10/14/2014","282.13","278.17","282.13","277.37","2.76K","-0.70%"
"10/13/2014","284.11","287.08","287.08","277.37","4.95K","-1.03%"