Date,Price,Open,High,Low,Vol.,Change %
10/11/2024,7310.32,7415.19,7415.19,7291.05,72.95K,-1.36%
10/10/2024,7411.47,7416.43,7457.41,7399.43,75.00K,-0.18%
10/09/2024,7424.52,7518.21,7518.21,7424.52,85.12K,-1.50%
10/08/2024,7537.25,7535.34,7546.29,7488.99,91.69K,-0.23%
10/07/2024,7554.68,7464.81,7604.61,7464.81,110.54K,1.16%
10/04/2024,7467.92,7392.49,7467.92,7392.41,96.06K,1.07%
10/03/2024,7388.92,7406.79,7470.39,7388.92,84.16K,-0.19%
10/02/2024,7402.81,7351.77,7412.87,7335.19,64.96K,0.30%
10/01/2024,7380.32,7278.15,7388.15,7278.15,65.71K,1.48%
09/30/2024,7272.65,7417.48,7421.24,7272.65,91.31K,-2.10%
09/27/2024,7428.30,7428.49,7436.46,7402.35,81.65K,-0.41%
09/26/2024,7458.74,7374.71,7458.74,7369.35,99.34K,1.31%
09/25/2024,7362.62,7422.36,7441.99,7341.13,96.51K,-0.94%
09/24/2024,7432.21,7436.33,7474.44,7425.37,146.76K,0.20%
09/23/2024,7417.25,7291.47,7417.25,7291.47,105.44K,2.27%
09/20/2024,7252.32,7219.62,7338.66,7219.62,193.97K,0.70%
09/19/2024,7202.16,7151.28,7248.38,7151.28,100.31K,0.65%
09/18/2024,7155.90,7161.75,7219.17,7147.82,77.47K,-0.27%
09/17/2024,7175.36,7094.36,7180.72,7094.36,96.82K,1.00%
09/16/2024,7104.20,7032.34,7104.20,7031.13,60.97K,1.16%
09/13/2024,7022.85,7049.71,7090.68,7022.85,64.92K,-0.03%
09/12/2024,7024.67,6979.74,7049.81,6975.49,89.55K,1.15%
09/11/2024,6944.88,7001.73,7017.74,6944.88,103.74K,-0.57%
09/10/2024,6984.63,7004.02,7109.75,6984.63,129.34K,0.01%
09/09/2024,6984.25,6931.30,7025.46,6920.88,91.71K,0.69%
09/06/2024,6936.09,6888.71,6940.47,6886.49,86.77K,0.41%
09/05/2024,6907.97,6876.27,6914.63,6872.70,67.98K,0.38%
09/04/2024,6882.12,6814.71,6882.12,6759.93,77.21K,-0.01%
09/03/2024,6882.92,6934.70,6950.61,6878.48,78.60K,-0.58%
09/02/2024,6923.41,6927.25,6933.51,6904.54,72.91K,0.38%
08/30/2024,6897.54,6904.51,6930.42,6881.40,229.08K,0.09%
08/29/2024,6891.55,6953.01,6959.64,6872.55,100.68K,-0.96%
08/28/2024,6958.01,6985.56,7016.04,6958.01,85.66K,-0.22%
08/27/2024,6973.41,6967.95,7008.87,6967.95,118.04K,0.16%
08/22/2024,6961.96,6917.29,6987.04,6917.29,124.62K,0.89%
08/21/2024,6900.62,6952.27,6983.81,6900.62,77.75K,-0.64%
08/20/2024,6944.76,6930.80,7005.27,6930.80,122.45K,0.80%
08/19/2024,6889.87,6863.05,6943.53,6863.05,158.23K,0.62%
08/16/2024,6847.37,6724.27,6866.66,6724.27,126.00K,2.31%
08/15/2024,6692.91,6714.20,6742.48,6692.91,120.52K,-0.18%
08/14/2024,6704.96,6663.71,6723.11,6663.71,150.45K,0.82%
08/13/2024,6650.44,6624.33,6670.05,6615.38,101.34K,0.56%
08/12/2024,6613.36,6653.00,6661.86,6594.59,69.56K,-0.52%
08/09/2024,6647.80,6571.65,6647.80,6571.65,157.08K,1.50%
08/08/2024,6549.27,6536.50,6570.82,6515.91,105.61K,0.22%
08/07/2024,6535.17,6461.86,6535.17,6451.95,73.02K,1.58%
08/06/2024,6433.24,6439.80,6512.47,6433.24,96.03K,-0.02%
08/05/2024,6434.73,6535.57,6535.57,6397.10,121.26K,-2.58%
08/02/2024,6605.30,6672.47,6672.47,6562.91,80.66K,-1.32%
08/01/2024,6693.83,6645.10,6693.83,6619.70,89.25K,1.13%
07/31/2024,6619.09,6599.97,6640.17,6597.87,135.22K,0.19%
07/30/2024,6606.36,6658.95,6671.34,6569.86,73.57K,-0.64%
07/29/2024,6649.23,6728.33,6761.76,6649.23,121.51K,-1.14%
07/26/2024,6726.01,6684.63,6726.01,6675.62,86.59K,0.84%
07/25/2024,6670.27,6698.25,6698.25,6651.68,74.82K,-1.23%
07/23/2024,6753.12,6727.58,6753.88,6686.71,78.23K,0.61%
07/22/2024,6712.05,6756.76,6832.66,6712.05,109.44K,-1.17%
07/19/2024,6791.69,6707.45,6829.97,6707.45,121.78K,1.29%
07/18/2024,6705.01,6663.65,6706.20,6649.93,93.15K,0.26%
07/17/2024,6687.71,6677.85,6700.18,6629.51,78.93K,0.31%
07/16/2024,6667.09,6723.21,6736.81,6667.09,85.74K,-0.33%
07/15/2024,6689.37,6635.27,6738.12,6635.27,85.78K,0.62%
07/12/2024,6648.23,6611.39,6648.23,6589.59,68.11K,0.59%
07/11/2024,6609.24,6492.46,6609.24,6492.46,90.66K,1.85%
07/10/2024,6489.35,6550.05,6561.71,6489.35,80.94K,-1.03%
07/09/2024,6556.66,6530.05,6557.32,6497.53,78.80K,0.42%
07/08/2024,6529.43,6506.42,6559.38,6506.42,94.36K,0.56%
07/05/2024,6492.75,6507.28,6560.20,6492.75,82.02K,-0.23%
07/04/2024,6507.49,6447.29,6517.64,6437.58,70.13K,0.89%
07/03/2024,6450.03,6366.58,6451.94,6355.71,71.71K,1.43%
07/02/2024,6358.96,6399.37,6399.37,6348.06,64.04K,-0.62%
07/01/2024,6398.77,6401.96,6436.40,6382.25,71.78K,-0.20%
06/28/2024,6411.91,6394.73,6442.79,6387.68,123.11K,0.33%
06/27/2024,6390.58,6314.84,6390.58,6301.84,69.14K,1.23%
06/26/2024,6313.11,6308.57,6313.11,6277.86,113.53K,0.22%
06/25/2024,6299.05,6291.09,6307.51,6281.67,84.76K,0.42%
06/24/2024,6272.46,6202.64,6272.46,6184.72,81.79K,1.85%
06/21/2024,6158.48,6349.67,6349.67,6158.48,168.16K,-2.93%
06/20/2024,6344.56,6372.46,6372.75,6313.15,85.00K,-0.34%
06/19/2024,6366.03,6371.52,6382.76,6364.40,101.41K,-0.04%
06/18/2024,6368.80,6394.33,6394.33,6343.69,60.30K,-0.23%
06/14/2024,6383.70,6394.43,6400.34,6370.68,68.39K,-0.11%
06/13/2024,6390.83,6428.28,6446.06,6390.83,76.80K,-0.30%
06/11/2024,6410.07,6456.85,6464.26,6410.07,55.01K,-0.75%
06/10/2024,6458.64,6511.89,6511.89,6443.52,45.72K,-0.92%
06/07/2024,6518.76,6524.36,6532.93,6512.05,62.72K,0.14%
06/06/2024,6509.86,6465.13,6511.73,6453.49,80.25K,1.06%
06/05/2024,6441.32,6400.46,6443.59,6367.73,73.10K,0.86%
06/04/2024,6386.42,6498.56,6498.56,6351.19,85.19K,-1.30%
06/03/2024,6470.74,6433.54,6472.52,6410.48,96.30K,0.59%
05/31/2024,6433.10,6387.89,6433.10,6356.52,606.50K,0.96%
05/30/2024,6371.75,6410.39,6415.61,6341.54,111.68K,-0.62%
05/29/2024,6411.41,6506.40,6506.40,6411.41,89.53K,-1.38%
05/28/2024,6501.34,6572.96,6572.96,6495.99,110.94K,-1.07%
05/27/2024,6571.60,6630.22,6630.22,6552.30,98.64K,-0.73%
05/24/2024,6619.89,6634.61,6634.61,6587.05,68.40K,-0.60%
05/23/2024,6659.99,6612.09,6659.99,6606.37,94.91K,0.80%
05/22/2024,6607.22,6606.80,6620.56,6578.58,87.18K,-0.40%
05/21/2024,6633.66,6704.14,6704.14,6614.51,124.24K,-0.74%
05/20/2024,6682.78,6633.59,6703.00,6617.58,117.90K,0.97%
05/17/2024,6618.69,6619.51,6649.61,6578.26,112.11K,-0.14%
05/16/2024,6628.20,6589.24,6628.20,6579.74,251.04K,1.06%
05/15/2024,6558.63,6578.65,6578.65,6547.71,156.46K,-0.75%
05/14/2024,6608.36,6601.93,6608.36,6587.89,80.92K,0.06%
05/13/2024,6604.25,6523.88,6612.73,6523.88,72.54K,1.42%
05/10/2024,6511.93,6574.22,6598.93,6511.93,59.71K,-0.47%
05/09/2024,6542.46,6670.85,6719.19,6536.25,171.67K,-1.75%
05/08/2024,6659.18,6620.35,6659.18,6571.62,108.95K,0.61%
05/07/2024,6618.58,6668.24,6691.68,6618.58,106.39K,-0.51%
05/06/2024,6652.49,6639.27,6683.71,6639.27,65.39K,0.56%
05/03/2024,6615.55,6664.49,6666.05,6604.51,83.23K,-0.47%
05/02/2024,6646.55,6654.97,6679.50,6634.84,80.53K,-0.81%
04/30/2024,6700.49,6756.32,6777.27,6700.49,95.59K,-1.02%
04/29/2024,6769.64,6629.57,6769.64,6629.57,107.64K,2.13%
04/26/2024,6628.75,6557.95,6628.75,6547.76,58.46K,0.82%
04/25/2024,6574.88,6598.14,6598.14,6574.88,53.87K,0.03%
04/24/2024,6572.75,6538.98,6595.41,6538.98,66.90K,1.01%
04/23/2024,6506.80,6463.65,6515.43,6463.65,61.60K,0.97%
04/22/2024,6444.08,6484.61,6509.66,6439.44,60.74K,0.02%
04/19/2024,6443.00,6511.50,6540.81,6406.98,103.20K,-1.23%
04/18/2024,6523.19,6481.90,6548.89,6481.01,101.53K,1.13%
04/17/2024,6450.04,6432.10,6497.82,6424.81,94.50K,0.70%
04/16/2024,6404.97,6534.94,6534.94,6404.97,122.34K,-2.40%
04/15/2024,6562.43,6630.43,6630.43,6556.93,91.56K,-1.46%
04/12/2024,6659.39,6681.26,6719.20,6659.39,130.98K,-0.27%
04/11/2024,6677.65,6727.27,6727.27,6669.68,123.39K,-0.94%
04/08/2024,6741.07,6750.74,6750.74,6686.50,81.39K,-0.07%
04/05/2024,6745.46,6819.23,6819.23,6728.84,84.94K,-1.20%
04/04/2024,6827.06,6870.90,6881.58,6809.78,69.38K,-0.54%
04/03/2024,6863.82,6960.55,6964.93,6863.82,64.39K,-1.39%
04/02/2024,6960.43,7016.93,7070.72,6960.43,133.02K,-0.28%
04/01/2024,6979.81,6948.54,6991.77,6947.27,84.98K,1.10%
03/27/2024,6903.53,6884.46,6925.37,6884.46,113.04K,0.08%
03/26/2024,6898.17,6840.85,6898.17,6797.65,92.11K,0.66%
03/25/2024,6853.10,6879.75,6886.53,6843.50,95.50K,-0.42%
03/22/2024,6881.97,6917.68,6919.76,6871.45,98.09K,-1.17%
03/21/2024,6963.22,6875.24,6963.22,6875.24,87.23K,1.55%
03/20/2024,6856.77,6856.02,6871.22,6840.70,93.05K,0.12%
03/19/2024,6848.43,6851.35,6900.59,6831.18,118.53K,-0.07%
03/18/2024,6853.29,6838.03,6910.29,6838.03,76.90K,0.45%
03/15/2024,6822.32,6946.70,6946.70,6790.96,405.52K,-2.09%
03/14/2024,6967.96,6962.44,6989.38,6939.01,118.45K,0.04%
03/13/2024,6965.51,6890.23,6980.64,6889.56,122.38K,1.25%
03/12/2024,6879.59,6885.92,6928.41,6878.49,101.35K,0.11%
03/11/2024,6872.24,6939.54,6939.54,6852.21,79.76K,-1.01%
03/08/2024,6942.21,6839.74,6942.21,6835.53,75.81K,1.53%
03/07/2024,6837.34,6849.63,6851.86,6806.46,76.93K,-0.60%
03/06/2024,6878.54,6882.43,6894.48,6856.38,89.11K,-0.39%
03/05/2024,6905.46,6969.08,6981.84,6905.46,88.75K,-0.66%
03/04/2024,6951.67,6923.24,7021.04,6908.81,80.58K,0.46%
03/01/2024,6919.59,6931.32,7005.30,6919.59,57.47K,-0.36%
02/29/2024,6944.71,6885.65,6944.71,6885.65,153.07K,0.99%
02/28/2024,6876.52,6859.28,6878.23,6838.05,68.06K,0.23%
02/27/2024,6860.67,6887.36,6887.36,6842.33,91.39K,-0.45%
02/26/2024,6891.49,6918.73,6941.85,6891.49,59.68K,-0.31%
02/23/2024,6913.21,6915.25,6990.65,6913.21,71.38K,0.15%
02/22/2024,6903.15,6899.61,6922.50,6896.53,72.26K,0.08%
02/21/2024,6897.36,6846.53,6897.36,6833.92,84.92K,0.62%
02/20/2024,6854.66,6818.14,6860.80,6818.14,73.24K,0.82%
02/19/2024,6798.61,6882.32,6901.31,6798.61,92.81K,-1.09%
02/16/2024,6873.23,6893.22,6916.43,6873.23,93.23K,-0.13%
02/15/2024,6882.15,6862.38,6918.15,6855.73,83.44K,0.40%
02/14/2024,6854.53,6810.64,6854.53,6780.73,82.30K,0.39%
02/13/2024,6827.92,6824.08,6848.57,6824.08,99.30K,0.30%
02/12/2024,6807.82,6856.45,6891.69,6807.82,74.92K,-0.62%
02/08/2024,6850.16,6844.61,6931.55,6844.61,112.16K,0.29%
02/07/2024,6830.04,6772.93,6877.61,6772.93,104.63K,1.11%
02/06/2024,6755.26,6756.72,6774.21,6695.82,80.13K,0.40%
02/05/2024,6728.22,6702.12,6760.41,6702.12,69.86K,0.31%
02/02/2024,6707.25,6652.48,6765.38,6652.04,136.87K,1.27%
02/01/2024,6623.01,6623.94,6644.11,6601.34,65.61K,-0.35%
01/31/2024,6646.44,6633.45,6722.32,6633.45,97.11K,0.37%
01/30/2024,6622.01,6636.04,6662.44,6622.01,82.95K,-0.13%
01/29/2024,6630.68,6680.68,6689.18,6630.68,54.80K,-0.83%
01/26/2024,6686.09,6674.44,6686.09,6643.83,72.46K,0.19%
01/25/2024,6673.50,6676.40,6687.12,6642.70,88.46K,-0.10%
01/24/2024,6679.96,6630.26,6679.96,6626.82,76.56K,0.88%
01/23/2024,6621.88,6594.29,6624.43,6593.07,67.11K,0.58%
01/22/2024,6583.47,6532.83,6583.47,6532.83,74.95K,1.23%
01/19/2024,6503.54,6528.68,6528.68,6496.96,66.05K,-0.11%
01/18/2024,6510.87,6567.29,6570.30,6500.31,86.73K,-0.94%
01/17/2024,6572.51,6647.08,6663.68,6567.76,133.28K,-0.97%
01/16/2024,6637.00,6681.67,6696.25,6637.00,89.84K,-0.65%
01/15/2024,6680.45,6655.99,6695.41,6650.41,70.26K,0.56%
01/12/2024,6643.18,6619.91,6676.54,6619.91,70.18K,0.45%
01/11/2024,6613.73,6562.37,6637.70,6562.37,78.72K,1.03%
01/10/2024,6546.11,6587.67,6593.77,6546.11,83.99K,-1.09%
01/09/2024,6618.52,6628.55,6678.35,6618.52,96.50K,0.14%
01/08/2024,6609.22,6633.21,6661.25,6609.22,85.28K,-0.31%
01/05/2024,6629.64,6606.24,6629.64,6583.06,99.35K,0.41%
01/04/2024,6602.52,6505.11,6602.92,6493.37,88.79K,1.59%
01/03/2024,6498.88,6539.81,6544.90,6483.80,43.71K,-0.84%
01/02/2024,6554.04,6478.52,6555.61,6464.34,63.59K,1.61%
12/29/2023,6450.04,6514.75,6523.83,6450.04,77.99K,-1.06%
12/28/2023,6519.11,6478.60,6519.11,6472.29,60.97K,0.87%
12/27/2023,6462.80,6499.60,6500.54,6462.80,86.89K,-0.59%
12/22/2023,6501.00,6466.93,6501.00,6459.68,158.29K,0.49%
12/21/2023,6469.23,6486.27,6496.42,6428.12,204.16K,-0.79%
12/20/2023,6520.75,6521.96,6566.41,6500.97,197.43K,-0.01%
12/19/2023,6521.27,6476.38,6524.58,6447.89,114.51K,0.71%
12/18/2023,6475.50,6459.91,6516.33,6452.42,118.39K,-0.05%
12/15/2023,6478.44,6402.75,6478.44,6396.48,238.18K,1.06%
12/14/2023,6410.48,6280.26,6411.24,6280.26,156.48K,2.47%
12/13/2023,6255.74,6256.67,6306.01,6245.66,54.46K,-0.58%
12/12/2023,6292.39,6225.75,6292.39,6206.88,61.80K,1.03%
12/11/2023,6228.29,6203.39,6228.29,6167.21,107.10K,-0.10%
12/07/2023,6234.77,6304.71,6306.42,6227.72,72.60K,-1.13%
12/06/2023,6305.85,6306.39,6306.39,6273.97,81.93K,-0.05%
12/05/2023,6308.95,6287.39,6308.95,6235.58,70.08K,0.39%
12/04/2023,6284.37,6237.87,6284.37,6234.32,52.63K,0.63%
12/01/2023,6245.18,6230.87,6254.03,6221.52,57.77K,0.34%
11/30/2023,6223.73,6258.87,6259.28,6207.07,142.84K,-0.66%
11/29/2023,6265.14,6306.96,6329.42,6265.14,91.17K,-0.70%
11/28/2023,6309.57,6274.16,6310.97,6274.16,108.24K,0.64%
11/24/2023,6269.50,6249.79,6271.63,6237.66,57.08K,0.37%
11/23/2023,6246.20,6249.46,6259.66,6230.26,51.28K,-0.11%
11/22/2023,6253.18,6201.85,6253.18,6201.85,59.57K,0.71%
11/21/2023,6208.83,6196.99,6219.06,6183.05,91.84K,0.41%
11/20/2023,6183.63,6206.31,6211.97,6174.52,70.90K,-0.45%
11/17/2023,6211.89,6172.39,6232.12,6171.17,84.99K,0.33%
11/16/2023,6191.48,6177.63,6191.48,6164.20,78.09K,0.33%
11/15/2023,6171.13,6114.58,6173.26,6106.59,75.52K,0.99%
11/14/2023,6110.88,6122.39,6128.07,6079.15,62.57K,-0.09%
11/13/2023,6116.14,6158.22,6158.76,6114.34,37.99K,-0.74%
11/10/2023,6161.89,6189.00,6189.00,6127.96,61.69K,-0.43%
11/09/2023,6188.22,6155.65,6203.72,6155.65,85.78K,0.54%
11/08/2023,6155.03,6133.19,6155.03,6103.64,64.98K,0.39%
11/07/2023,6131.32,6081.44,6131.32,6055.68,54.65K,0.88%
11/06/2023,6078.03,6006.59,6078.03,6006.59,56.56K,1.48%
11/03/2023,5989.27,6039.38,6083.69,5989.27,81.72K,0.26%
10/31/2023,5973.78,5971.74,5980.82,5920.47,86.56K,0.20%
10/27/2023,5961.99,5996.20,5999.55,5956.86,82.44K,-0.94%
10/26/2023,6018.49,6051.26,6051.26,5974.17,85.86K,-0.59%
10/25/2023,6054.50,6050.10,6080.49,6026.43,71.29K,0.24%
10/24/2023,6039.72,6086.44,6103.62,6039.72,49.96K,-0.80%
10/23/2023,6088.44,6135.70,6139.05,6065.37,58.04K,-0.89%
10/20/2023,6142.90,6208.50,6208.50,6142.90,77.02K,-1.23%
10/19/2023,6219.16,6263.22,6263.22,6216.10,87.21K,-0.78%
10/18/2023,6268.27,6278.50,6290.05,6255.03,148.61K,-0.20%
10/17/2023,6280.90,6215.13,6286.21,6215.13,97.77K,1.32%
10/16/2023,6198.83,6261.72,6265.85,6198.83,71.91K,-1.08%
10/13/2023,6266.34,6264.66,6283.50,6260.50,55.47K,0.05%
10/12/2023,6263.06,6266.04,6283.72,6234.60,71.10K,0.15%
10/11/2023,6253.96,6280.85,6308.05,6253.96,121.68K,-0.16%
10/10/2023,6264.07,6265.86,6303.44,6263.74,141.42K,0.19%
10/09/2023,6252.16,6238.17,6271.72,6227.25,79.14K,-0.12%
10/06/2023,6259.95,6196.05,6270.89,6166.69,85.45K,1.32%
10/05/2023,6178.60,6266.00,6289.67,6178.60,108.62K,-1.90%
10/04/2023,6298.20,6289.30,6298.20,6270.36,68.66K,-0.12%
10/03/2023,6305.99,6304.09,6307.94,6253.33,96.67K,0.02%
10/02/2023,6304.53,6334.00,6339.29,6304.53,68.78K,-0.26%
09/29/2023,6321.24,6383.41,6392.09,6321.24,154.27K,-1.01%
09/28/2023,6385.52,6365.65,6412.94,6335.47,72.95K,0.17%
09/27/2023,6374.68,6254.35,6374.68,6245.73,103.87K,1.77%
09/26/2023,6263.94,6183.54,6280.72,6171.78,108.39K,1.48%
09/25/2023,6172.84,6156.87,6191.46,6118.14,134.32K,0.49%
09/22/2023,6142.79,6096.88,6142.79,6086.78,76.80K,0.79%
09/21/2023,6094.71,6053.96,6094.71,6043.13,96.47K,0.89%
09/20/2023,6041.04,6049.02,6061.65,5998.31,86.91K,-0.11%
09/19/2023,6047.97,6121.07,6121.16,6034.36,66.30K,-1.25%
09/18/2023,6124.57,6157.22,6159.68,6085.17,66.70K,-0.03%
09/15/2023,6126.34,6202.89,6216.46,6126.34,167.19K,-1.32%
09/14/2023,6208.40,6156.65,6208.40,6149.29,66.61K,0.96%
09/13/2023,6149.18,6235.82,6239.40,6149.18,91.99K,-1.30%
09/12/2023,6230.20,6238.89,6260.87,6230.20,101.79K,-0.06%
09/11/2023,6233.74,6217.56,6233.74,6198.50,75.25K,0.17%
09/08/2023,6222.94,6193.40,6222.94,6173.10,48.73K,0.64%
09/07/2023,6183.07,6223.75,6223.75,6170.07,68.14K,-0.94%
09/06/2023,6241.69,6243.37,6245.74,6205.80,61.60K,0.27%
09/05/2023,6225.00,6211.75,6258.50,6193.91,63.90K,0.17%
09/04/2023,6214.68,6195.37,6217.74,6183.74,1.77M,0.54%
09/01/2023,6181.06,6215.55,6220.25,6179.88,616.72K,0.09%
08/31/2023,6175.25,6291.95,6291.95,6175.25,160.63K,-1.91%
08/30/2023,6295.29,6224.81,6300.44,6224.81,131.53K,1.13%
08/29/2023,6225.00,6161.03,6225.00,6142.15,126.44K,1.05%
08/25/2023,6160.61,6222.30,6222.30,6144.03,74.80K,-1.05%
08/24/2023,6225.78,6204.30,6278.18,6204.30,67.89K,0.75%
08/23/2023,6179.63,6225.30,6225.30,6179.63,86.04K,-0.53%
08/22/2023,6212.39,6286.92,6291.04,6212.39,107.89K,-1.24%
08/18/2023,6290.27,6352.08,6366.08,6290.27,120.28K,-1.17%
08/17/2023,6364.97,6393.53,6409.98,6353.74,95.53K,-0.70%
08/16/2023,6410.09,6333.20,6410.09,6322.10,98.49K,1.17%
08/15/2023,6335.91,6337.67,6370.43,6297.17,128.56K,0.11%
08/14/2023,6329.19,6404.27,6404.27,6306.81,187.27K,-1.20%
08/11/2023,6405.91,6457.05,6458.77,6405.91,100.78K,-0.68%
08/10/2023,6449.66,6508.78,6508.78,6446.80,112.31K,-1.24%
08/09/2023,6530.45,6490.09,6530.45,6478.74,94.69K,0.89%
08/08/2023,6472.97,6517.13,6541.64,6465.98,142.77K,-0.53%
08/07/2023,6507.78,6498.59,6522.59,6485.03,77.72K,0.88%
08/04/2023,6450.84,6580.49,6590.65,6450.84,194.16K,-1.91%
08/03/2023,6576.76,6496.86,6576.76,6496.86,75.56K,1.44%
08/02/2023,6483.28,6607.05,6616.26,6475.80,92.94K,-1.68%
08/01/2023,6593.80,6627.56,6641.92,6593.80,86.22K,0.04%
07/31/2023,6591.47,6632.60,6678.29,6591.47,79.46K,-0.51%
07/28/2023,6625.26,6664.62,6671.61,6625.26,65.74K,-0.79%
07/27/2023,6677.92,6660.12,6677.92,6627.59,78.36K,-0.02%
07/26/2023,6679.13,6683.22,6683.22,6622.61,79.48K,0.27%
07/25/2023,6661.11,6650.62,6698.41,6650.62,103.89K,0.45%
07/24/2023,6631.25,6653.55,6677.48,6631.25,88.49K,-0.25%
07/21/2023,6647.56,6620.03,6689.04,6620.03,88.16K,0.52%
07/20/2023,6613.50,6547.80,6645.36,6547.80,103.49K,1.09%
07/19/2023,6541.91,6539.23,6564.17,6530.33,62.08K,0.20%
07/18/2023,6528.80,6560.37,6610.57,6528.80,54.33K,-0.34%
07/17/2023,6550.76,6604.91,6610.89,6550.76,63.66K,-1.12%
07/14/2023,6624.79,6581.40,6624.79,6526.44,129.16K,0.70%
07/13/2023,6578.49,6475.66,6579.04,6475.66,92.59K,1.73%
07/12/2023,6466.85,6424.19,6466.85,6421.05,113.35K,1.07%
07/11/2023,6398.64,6387.98,6430.28,6385.44,79.00K,0.30%
07/10/2023,6379.72,6386.23,6410.50,6375.26,67.27K,0.01%
07/07/2023,6379.03,6459.26,6459.26,6379.03,65.04K,-1.47%
07/06/2023,6474.26,6491.53,6496.15,6436.54,117.81K,-0.59%
07/05/2023,6512.39,6509.20,6512.39,6446.79,131.00K,-0.03%
07/04/2023,6514.47,6501.65,6519.07,6494.51,37.08K,0.10%
07/03/2023,6508.21,6459.53,6508.21,6459.53,42.91K,0.62%
06/30/2023,6468.07,6525.39,6525.39,6468.07,118.72K,-0.67%
06/29/2023,6511.49,6507.42,6550.25,6507.42,83.19K,0.13%
06/27/2023,6502.85,6519.79,6547.33,6491.81,94.60K,-0.31%
06/26/2023,6523.09,6422.57,6545.45,6419.93,138.74K,2.03%
06/23/2023,6393.55,6404.38,6421.78,6392.63,67.44K,-0.18%
06/22/2023,6404.91,6423.06,6423.06,6374.07,130.68K,-0.30%
06/21/2023,6424.21,6420.80,6437.40,6406.88,126.32K,-0.38%
06/20/2023,6448.90,6434.03,6448.90,6410.33,116.35K,-0.02%
06/19/2023,6450.34,6491.85,6491.85,6422.11,95.97K,-0.89%
06/16/2023,6508.34,6450.30,6508.37,6413.57,216.44K,0.73%
06/15/2023,6461.42,6434.94,6461.42,6386.84,111.92K,0.43%
06/14/2023,6434.06,6505.34,6526.36,6423.69,207.09K,-1.12%
06/13/2023,6507.26,6492.06,6525.42,6471.53,130.25K,0.00%
06/12/2023,6507.15,6541.04,6553.23,6501.93,80.10K,0.00%
06/09/2023,6507.15,6541.04,6553.23,6501.93,80.10K,-0.49%
06/08/2023,6539.36,6546.47,6551.98,6520.53,65.83K,-0.39%
06/07/2023,6564.70,6490.35,6564.70,6483.87,82.57K,1.31%
06/06/2023,6479.93,6526.21,6539.49,6479.93,95.62K,-0.64%
06/05/2023,6521.64,6525.63,6544.13,6521.06,67.33K,0.15%
06/02/2023,6512.01,6449.97,6512.01,6449.97,149.51K,1.27%
06/01/2023,6430.58,6502.76,6502.76,6430.58,119.94K,-0.72%
05/31/2023,6477.36,6517.07,6522.09,6469.91,981.99K,-0.51%
05/30/2023,6510.67,6574.79,6574.79,6510.67,75.86K,-1.25%
05/29/2023,6593.16,6543.93,6593.16,6532.72,66.97K,0.96%
05/26/2023,6530.20,6570.95,6570.95,6496.47,62.35K,-0.46%
05/25/2023,6560.22,6612.47,6613.85,6560.22,60.52K,-0.84%
05/24/2023,6615.95,6596.30,6615.95,6589.81,60.02K,0.19%
05/23/2023,6603.56,6601.75,6641.76,6592.17,97.31K,-0.26%
05/22/2023,6620.83,6651.19,6651.19,6596.79,83.11K,-0.66%
05/19/2023,6664.55,6635.45,6694.09,6635.45,96.16K,0.54%
05/18/2023,6628.64,6642.53,6658.16,6628.64,81.17K,-0.10%
05/17/2023,6635.11,6595.46,6644.38,6593.66,103.09K,0.70%
05/16/2023,6588.90,6549.34,6596.34,6549.34,65.67K,1.01%
05/15/2023,6523.15,6582.57,6585.72,6523.15,78.69K,-0.84%
05/12/2023,6578.15,6661.60,6668.65,6578.15,150.36K,-1.46%
05/11/2023,6675.46,6669.40,6704.53,6657.51,116.40K,0.25%
05/10/2023,6658.59,6632.83,6660.66,6621.58,100.38K,0.54%
05/09/2023,6622.61,6615.73,6646.58,6594.45,76.80K,0.33%
05/08/2023,6600.74,6709.56,6750.06,6600.74,127.57K,-1.27%
05/05/2023,6685.66,6678.88,6706.22,6673.32,93.67K,0.02%
05/04/2023,6684.35,6612.14,6684.44,6612.14,115.24K,1.18%
05/03/2023,6606.69,6675.71,6675.71,6606.69,104.32K,-0.99%
05/02/2023,6672.69,6624.95,6673.44,6616.88,105.48K,0.72%
04/28/2023,6625.08,6592.14,6635.40,6587.41,235.77K,0.63%
04/27/2023,6583.68,6541.36,6597.83,6530.90,48.58K,0.66%
04/26/2023,6540.24,6584.86,6584.86,6512.98,134.32K,-0.81%
04/25/2023,6593.39,6595.51,6597.33,6575.04,112.59K,-0.08%
04/24/2023,6598.38,6523.85,6598.38,6522.20,99.21K,1.20%
04/21/2023,6520.44,6520.44,6520.44,6520.44,,0.00%
04/20/2023,6520.44,6466.68,6520.44,6453.27,69.87K,1.15%
04/19/2023,6446.35,6456.96,6468.63,6425.90,57.77K,-0.28%
04/18/2023,6464.72,6499.67,6499.67,6454.27,49.09K,-0.63%
04/17/2023,6505.62,6483.24,6505.62,6425.14,71.33K,0.37%
04/14/2023,6481.91,6445.55,6481.91,6445.55,78.96K,0.51%
04/13/2023,6448.87,6453.29,6453.29,6394.10,114.45K,-0.32%
04/12/2023,6469.42,6473.73,6479.16,6428.92,83.45K,-0.16%
04/11/2023,6479.63,6502.46,6506.59,6473.95,91.15K,-0.14%
04/05/2023,6488.51,6470.54,6518.17,6470.54,71.96K,0.25%
04/04/2023,6472.04,6533.93,6538.97,6463.98,75.17K,-0.89%
04/03/2023,6529.99,6524.31,6529.99,6507.10,96.23K,0.47%
03/31/2023,6499.68,6635.69,6635.69,6499.68,149.73K,-2.18%
03/30/2023,6644.75,6632.56,6644.75,6610.76,81.52K,0.21%
03/29/2023,6630.97,6622.44,6630.97,6590.11,83.53K,0.42%
03/28/2023,6603.15,6607.36,6627.13,6603.15,112.75K,0.12%
03/27/2023,6595.03,6598.73,6598.73,6568.70,73.71K,-0.11%
03/24/2023,6602.17,6523.73,6602.84,6523.73,74.40K,1.01%
03/23/2023,6536.36,6514.14,6536.36,6494.06,86.36K,-0.15%
03/22/2023,6546.27,6540.45,6593.22,6540.45,84.04K,0.24%
03/21/2023,6530.75,6459.54,6530.75,6459.54,100.42K,1.24%
03/20/2023,6451.02,6452.03,6452.03,6389.48,86.38K,-0.29%
03/17/2023,6469.72,6411.18,6485.61,6409.29,143.11K,1.01%
03/16/2023,6404.91,6437.67,6437.67,6330.53,108.45K,-0.95%
03/15/2023,6466.10,6441.67,6513.26,6434.93,127.09K,1.14%
03/14/2023,6393.33,6525.75,6525.75,6393.33,136.95K,-2.31%
03/13/2023,6544.45,6529.57,6599.96,6498.40,96.40K,-0.69%
03/10/2023,6589.88,6596.16,6596.16,6518.43,171.13K,-0.29%
03/09/2023,6609.27,6711.11,6711.11,6609.27,119.53K,-1.52%
03/08/2023,6711.49,6681.21,6711.49,6617.86,141.48K,0.10%
03/07/2023,6705.12,6707.55,6739.50,6705.12,127.14K,0.51%
03/06/2023,6671.12,6673.18,6737.03,6671.12,94.82K,0.24%
03/03/2023,6655.37,6640.33,6694.36,6640.33,204.26K,0.50%
03/02/2023,6622.45,6628.35,6690.63,6598.15,149.73K,0.23%
03/01/2023,6607.13,6602.96,6630.20,6579.48,158.98K,0.78%
02/28/2023,6556.20,6609.41,6670.49,6556.20,767.44K,-0.65%
02/27/2023,6599.34,6684.45,6684.45,6537.52,165.44K,-1.29%
02/24/2023,6685.90,6704.91,6704.91,6666.41,129.18K,0.00%
02/23/2023,6685.90,6704.91,6704.91,6666.41,129.18K,-0.20%
02/22/2023,6699.23,6778.20,6778.20,6696.72,115.33K,-1.50%
02/21/2023,6800.96,6757.95,6800.96,6719.10,82.30K,0.84%
02/20/2023,6744.12,6793.86,6794.98,6735.53,74.12K,-0.51%
02/17/2023,6779.02,6805.21,6808.97,6745.54,89.81K,-0.54%
02/16/2023,6815.91,6814.26,6848.48,6808.53,146.43K,-0.09%
02/15/2023,6822.09,6790.53,6829.03,6747.10,97.10K,0.45%
02/14/2023,6791.24,6847.99,6863.74,6791.24,238.85K,-0.69%
02/13/2023,6838.76,6865.54,6902.87,6834.27,178.40K,-0.55%
02/10/2023,6876.79,6852.17,6884.20,6848.71,109.46K,0.50%
02/09/2023,6842.79,6922.13,6922.13,6840.12,115.11K,-1.16%
02/08/2023,6923.08,6885.27,6963.46,6884.49,110.30K,0.61%
02/07/2023,6881.26,6919.01,6931.79,6881.26,107.88K,-0.80%
02/06/2023,6936.61,6997.46,6997.46,6892.00,252.32K,-1.29%
02/03/2023,7027.38,7012.87,7027.38,6901.22,875.08K,0.59%
02/02/2023,6986.19,7027.92,7028.37,6959.78,257.70K,-0.70%
02/01/2023,7035.76,6814.52,7035.76,6813.77,249.66K,3.57%
01/31/2023,6793.25,6935.67,6935.67,6740.19,240.87K,-2.55%
01/30/2023,6970.97,7048.76,7053.72,6929.18,302.53K,-1.15%
01/27/2023,7052.16,7062.63,7080.40,7043.60,112.26K,0.13%
01/26/2023,7042.70,7088.14,7101.84,7042.70,128.44K,-0.55%
01/25/2023,7081.36,7072.49,7085.54,7047.73,138.91K,0.57%
01/24/2023,7041.50,7065.60,7137.62,7039.05,252.73K,-0.40%
01/23/2023,7069.68,7051.46,7069.68,7003.42,97.92K,0.19%
01/20/2023,7056.62,7056.43,7063.50,7035.65,117.08K,-0.08%
01/19/2023,7062.01,7049.80,7083.87,7043.90,194.10K,-0.46%
01/18/2023,7094.86,7008.01,7094.86,6967.87,178.91K,1.15%
01/17/2023,7014.04,7041.06,7046.45,6952.79,192.71K,-0.45%
01/16/2023,7045.48,6966.00,7132.10,6966.00,258.08K,1.35%
01/13/2023,6951.54,6833.76,6959.63,6816.42,238.43K,1.73%
01/12/2023,6833.53,6723.53,6833.53,6723.53,200.01K,1.85%
01/11/2023,6709.34,6764.68,6774.47,6709.34,209.84K,-0.70%
01/10/2023,6756.69,6783.40,6783.40,6740.03,153.93K,-0.49%
01/09/2023,6790.24,6692.30,6790.24,6685.07,150.12K,1.83%
01/06/2023,6667.97,6736.65,6736.65,6666.68,136.74K,-1.38%
01/05/2023,6761.33,6738.93,6767.05,6730.52,167.18K,0.64%
01/04/2023,6718.50,6601.50,6755.27,6601.50,209.87K,2.01%
01/03/2023,6586.01,6555.40,6624.76,6550.17,84.42K,0.30%
12/29/2022,6566.39,6553.67,6591.28,6529.69,161.07K,0.00%
12/28/2022,6566.54,6567.13,6576.71,6530.27,88.56K,0.02%
12/27/2022,6564.90,6549.09,6579.26,6519.90,75.38K,0.36%
12/26/2022,6541.03,6541.03,6541.03,6541.03,,0.00%
12/23/2022,6541.03,6567.92,6567.92,6536.67,56.10K,-0.55%
12/22/2022,6576.94,6540.93,6580.21,6521.67,183.69K,0.86%
12/21/2022,6520.80,6464.35,6521.17,6449.64,158.60K,0.97%
12/20/2022,6458.12,6412.42,6458.12,6385.20,87.79K,0.68%
12/19/2022,6414.27,6474.00,6477.99,6360.97,244.90K,-1.27%
12/16/2022,6496.50,6523.07,6552.32,6478.28,211.65K,-1.07%
12/15/2022,6566.80,6618.85,6631.09,6537.54,120.43K,-0.73%
12/14/2022,6615.07,6610.46,6632.12,6583.35,131.08K,0.50%
12/13/2022,6582.38,6611.16,6631.66,6566.95,135.97K,-0.04%
12/12/2022,6585.20,6602.58,6642.40,6566.86,106.09K,0.08%
12/09/2022,6580.12,6560.13,6580.12,6515.53,134.55K,0.84%
12/07/2022,6525.16,6662.75,6662.75,6525.16,143.05K,-2.24%
12/06/2022,6674.38,6463.01,6674.38,6456.81,132.67K,3.61%
12/05/2022,6442.13,6503.57,6541.77,6442.13,90.80K,-0.73%
12/02/2022,6489.65,6731.17,6731.17,6489.65,115.44K,-3.64%
12/01/2022,6734.99,6814.14,6814.14,6732.96,237.30K,-0.68%
11/29/2022,6780.78,6652.00,6780.78,6600.02,1.30M,1.49%
11/28/2022,6681.47,6589.83,6681.61,6570.62,141.18K,1.13%
11/25/2022,6606.94,6529.11,6606.94,6480.62,114.96K,1.17%
11/24/2022,6530.51,6503.98,6536.17,6496.89,107.83K,0.31%
11/23/2022,6510.32,6441.42,6510.32,6437.76,100.42K,1.25%
11/22/2022,6429.65,6401.40,6463.18,6401.40,106.46K,0.41%
11/21/2022,6403.24,6451.44,6451.44,6364.30,115.39K,-0.53%
11/18/2022,6437.38,6415.34,6451.61,6403.50,143.03K,0.53%
11/17/2022,6403.74,6380.81,6406.01,6366.05,102.77K,0.18%
11/16/2022,6392.09,6423.63,6423.63,6333.95,174.78K,-0.42%
11/15/2022,6418.94,6334.67,6418.94,6320.74,128.90K,1.01%
11/14/2022,6354.76,6296.22,6362.35,6289.05,140.72K,1.08%
11/11/2022,6286.77,6307.73,6349.26,6272.20,109.70K,1.93%
11/10/2022,6167.57,6230.84,6248.91,6158.26,106.48K,-1.19%
11/09/2022,6241.68,6286.25,6320.39,6236.96,112.22K,-0.75%
11/08/2022,6289.10,6303.58,6345.83,6260.50,92.01K,-0.10%
11/07/2022,6295.58,6184.79,6295.58,6167.65,101.09K,1.78%
11/04/2022,6185.53,6148.47,6185.53,6083.50,85.28K,0.48%
11/03/2022,6156.11,6155.80,6157.46,6110.03,79.11K,-0.81%
11/02/2022,6206.24,6258.91,6258.91,6159.60,120.53K,0.86%
10/31/2022,6153.43,6153.43,6153.43,6153.43,,0.00%
10/28/2022,6153.43,6210.84,6210.84,6153.43,93.14K,-1.24%
10/27/2022,6230.58,6120.90,6230.58,6111.94,95.88K,1.78%
10/26/2022,6121.53,6070.01,6121.53,6053.59,61.97K,0.79%
10/25/2022,6073.41,6038.11,6073.41,6020.88,80.83K,0.74%
10/24/2022,6028.79,6021.54,6071.70,6018.98,69.29K,0.76%
10/21/2022,5983.56,6067.63,6075.74,5983.56,80.65K,-1.20%
10/20/2022,6055.99,6137.26,6181.75,6028.49,257.90K,-1.50%
10/19/2022,6148.31,6130.95,6148.31,6077.38,80.43K,0.32%
10/18/2022,6128.64,5997.78,6128.64,5969.78,128.05K,2.65%
10/17/2022,5970.33,5901.55,5977.13,5891.78,72.24K,1.11%
10/14/2022,5904.75,5954.96,5967.69,5904.75,102.97K,0.15%
10/13/2022,5895.64,5869.85,5914.73,5841.57,78.56K,0.72%
10/12/2022,5853.63,5850.59,5873.11,5836.82,74.91K,0.11%
10/11/2022,5847.37,5849.87,5899.40,5835.22,100.57K,0.25%
10/10/2022,5832.58,5898.83,5898.83,5832.58,66.47K,-1.68%
10/07/2022,5932.19,5940.77,5941.80,5869.59,74.05K,-0.04%
10/06/2022,5934.27,5990.28,6021.58,5934.27,80.03K,-0.91%
10/05/2022,5988.59,6033.43,6033.43,5949.81,107.16K,0.01%
10/04/2022,5987.72,5851.77,5987.72,5850.65,103.38K,3.54%
10/03/2022,5783.15,5734.34,5784.19,5699.30,89.95K,0.73%
09/30/2022,5741.07,5874.57,5874.57,5741.07,180.63K,-3.26%
09/29/2022,5934.25,5967.32,6006.52,5911.65,152.03K,0.93%
09/28/2022,5879.68,6038.98,6044.17,5879.68,147.02K,-2.33%
09/27/2022,6020.07,6193.04,6193.04,5962.17,179.16K,-3.83%
09/26/2022,6259.54,6259.54,6259.54,6259.54,,0.00%
09/23/2022,6259.54,6291.37,6291.37,6235.67,126.40K,-0.67%
09/22/2022,6301.71,6304.19,6304.19,6227.58,161.11K,-0.63%
09/21/2022,6341.69,6437.40,6446.98,6315.54,128.60K,-1.66%
09/20/2022,6448.46,6459.92,6500.76,6448.46,97.75K,0.17%
09/19/2022,6437.42,6544.64,6550.02,6433.32,106.86K,-1.70%
09/16/2022,6548.77,6586.91,6588.25,6539.25,439.64K,-0.41%
09/15/2022,6575.67,6586.55,6633.63,6575.67,101.59K,-0.11%
09/14/2022,6582.86,6604.48,6618.13,6560.51,136.25K,-1.77%
09/13/2022,6701.81,6710.89,6710.89,6666.14,84.97K,-0.21%
09/12/2022,6715.75,6625.40,6715.75,6625.40,72.11K,1.66%
09/09/2022,6606.00,6593.57,6629.29,6586.72,81.13K,0.19%
09/08/2022,6593.74,6574.48,6600.66,6548.08,124.03K,0.61%
09/07/2022,6554.08,6709.46,6709.46,6554.08,118.54K,-2.32%
09/06/2022,6709.60,6681.13,6721.41,6668.41,95.47K,0.50%
09/05/2022,6676.04,6693.84,6698.54,6640.03,84.40K,-0.25%
09/02/2022,6692.65,6586.08,6692.65,6586.08,97.46K,1.58%
09/01/2022,6588.28,6594.67,6606.21,6569.17,125.63K,0.07%
08/31/2022,6583.65,6661.15,6661.15,6583.65,247.46K,-1.59%
08/30/2022,6690.27,6616.43,6690.44,6600.99,146.20K,-0.92%
08/26/2022,6752.50,6697.04,6752.50,6680.73,176.28K,0.69%
08/25/2022,6706.43,6657.18,6726.68,6656.70,61.84K,0.95%
08/24/2022,6643.45,6618.86,6677.69,6614.84,75.16K,0.38%
08/23/2022,6618.38,6680.52,6680.52,6591.83,126.04K,-1.28%
08/22/2022,6704.41,6848.95,6848.95,6704.41,119.97K,-2.32%
08/19/2022,6863.86,6834.76,6867.89,6819.15,102.64K,0.57%
08/18/2022,6824.63,6770.42,6844.14,6753.03,181.20K,0.08%
08/17/2022,6818.99,6845.65,6883.60,6817.00,155.97K,-0.46%
08/16/2022,6850.64,6735.56,6850.64,6703.09,207.02K,1.67%
08/15/2022,6737.84,6699.49,6745.96,6691.17,110.42K,0.57%
08/12/2022,6699.66,6676.27,6730.53,6646.79,173.90K,0.28%
08/11/2022,6680.68,6505.74,6680.68,6505.74,196.95K,3.23%
08/10/2022,6471.84,6464.56,6471.84,6413.96,121.55K,0.04%
08/09/2022,6468.97,6431.60,6468.97,6408.39,129.38K,0.54%
08/08/2022,6434.24,6425.47,6437.92,6370.83,119.75K,0.45%
08/05/2022,6405.50,6484.61,6519.80,6405.50,270.36K,-1.20%
08/04/2022,6483.11,6435.61,6483.11,6415.39,104.84K,0.82%
08/03/2022,6430.08,6359.97,6430.08,6336.02,133.20K,1.07%
08/02/2022,6362.30,6310.03,6362.30,6291.94,117.09K,0.80%
08/01/2022,6312.03,6309.07,6325.97,6227.33,134.74K,-0.06%
07/29/2022,6315.93,6351.70,6351.70,6265.95,117.53K,-0.99%
07/28/2022,6379.26,6274.72,6379.26,6274.72,98.84K,2.28%
07/27/2022,6236.76,6208.93,6237.27,6171.45,56.44K,0.22%
07/26/2022,6223.00,6206.80,6234.25,6201.97,74.56K,0.22%
07/25/2022,6209.53,6239.35,6241.66,6163.26,72.34K,-0.86%
07/22/2022,6263.39,6258.57,6266.63,6233.41,63.12K,0.12%
07/21/2022,6256.17,6298.31,6347.58,6245.63,149.24K,-0.30%
07/20/2022,6274.80,6294.97,6351.77,6263.99,116.83K,-0.18%
07/19/2022,6286.24,6255.57,6287.03,6249.26,90.21K,0.28%
07/18/2022,6268.78,6182.27,6268.78,6162.27,80.85K,1.19%
07/15/2022,6195.26,6240.83,6240.83,6127.26,111.78K,-0.85%
07/14/2022,6248.13,6250.06,6255.96,6166.61,111.96K,-0.12%
07/13/2022,6255.37,6347.63,6351.82,6235.57,128.06K,-1.49%
07/12/2022,6349.94,6378.34,6393.68,6349.94,80.07K,-0.61%
07/11/2022,6388.64,6381.11,6396.00,6315.52,80.81K,0.42%
07/08/2022,6361.82,6366.68,6497.97,6358.44,168.63K,0.15%
07/07/2022,6352.32,6419.90,6425.23,6332.54,127.78K,-1.44%
07/06/2022,6445.01,6323.62,6445.01,6312.09,132.59K,2.14%
07/05/2022,6309.99,6193.16,6309.99,6193.16,110.67K,2.04%
07/04/2022,6183.62,6195.90,6210.83,6160.88,100.44K,0.30%
07/01/2022,6165.35,6174.37,6223.56,6148.43,124.66K,0.16%
06/30/2022,6155.43,6321.04,6337.34,6140.22,171.47K,-2.34%
06/29/2022,6303.19,6361.23,6374.91,6303.19,131.20K,-0.67%
06/28/2022,6345.41,6247.14,6349.49,6232.05,162.34K,1.71%
06/27/2022,6238.82,6241.94,6253.51,6197.98,143.28K,0.34%
06/24/2022,6217.56,6096.48,6217.56,6096.48,142.52K,2.51%
06/23/2022,6065.23,6177.56,6215.90,6054.79,140.88K,-1.67%
06/22/2022,6168.00,6289.27,6299.41,6168.00,149.47K,-1.86%
06/21/2022,6285.19,6349.26,6370.74,6255.68,108.90K,-0.77%
06/20/2022,6333.94,6341.98,6349.01,6302.50,87.06K,0.04%
06/17/2022,6331.56,6308.86,6331.56,6273.73,281.29K,-0.96%
06/16/2022,6393.01,6374.43,6393.38,6327.23,128.02K,1.16%
06/15/2022,6319.42,6443.85,6472.64,6319.42,128.02K,-2.40%
06/14/2022,6474.53,6416.87,6474.53,6384.41,131.29K,0.12%
06/13/2022,6467.01,6503.06,6503.53,6430.45,125.31K,-0.97%
06/10/2022,6530.04,6713.33,6713.33,6530.04,121.07K,-3.38%
06/09/2022,6758.59,6796.38,6796.38,6684.63,101.69K,-0.16%
06/08/2022,6769.62,6768.35,6797.55,6733.14,110.18K,0.23%
06/07/2022,6754.01,6717.62,6754.01,6705.63,96.53K,0.55%
06/06/2022,6716.88,6747.60,6749.07,6699.97,132.10K,-0.36%
06/03/2022,6741.40,6667.62,6743.15,6653.96,93.78K,0.82%
06/02/2022,6686.83,6722.73,6722.73,6653.41,84.39K,-0.38%
06/01/2022,6712.21,6786.92,6786.92,6698.79,118.32K,-0.92%
05/31/2022,6774.68,6832.08,6832.08,6774.68,1.03M,-0.70%
05/30/2022,6822.32,6741.95,6839.27,6729.90,153.90K,1.43%
05/27/2022,6726.14,6655.51,6726.14,6641.16,142.27K,1.21%
05/26/2022,6645.52,6607.19,6645.52,6589.18,139.22K,0.72%
05/25/2022,6597.76,6580.09,6612.08,6574.98,133.83K,0.31%
05/24/2022,6577.45,6693.61,6693.61,6577.45,145.01K,-1.65%
05/23/2022,6687.85,6757.59,6757.59,6678.01,143.02K,-0.87%
05/20/2022,6746.33,6683.15,6763.74,6683.15,167.04K,1.30%
05/19/2022,6660.05,6651.17,6711.15,6597.14,225.67K,-1.00%
05/18/2022,6727.60,6621.17,6727.60,6607.98,223.60K,2.02%
05/17/2022,6594.66,6518.12,6594.66,6495.68,298.11K,1.42%
05/16/2022,6502.12,6458.57,6539.33,6458.57,173.59K,1.93%
05/13/2022,6379.17,6545.52,6569.36,6379.17,340.02K,-2.34%
05/12/2022,6532.30,6633.68,6633.68,6532.30,170.32K,-1.56%
05/11/2022,6635.86,6677.24,6695.85,6630.52,153.70K,-1.27%
05/10/2022,6720.93,6632.35,6720.93,6547.44,170.51K,-0.58%
05/09/2022,6759.90,6759.90,6759.90,6759.90,,0.00%
05/06/2022,6759.90,6800.94,6855.01,6759.90,93.33K,-1.59%
05/05/2022,6868.92,6827.94,6881.59,6785.39,104.52K,0.97%
05/04/2022,6802.73,6736.30,6802.73,6630.46,111.26K,1.21%
05/02/2022,6721.08,6742.83,6764.10,6668.39,79.48K,-0.15%
04/29/2022,6731.25,6911.64,6911.64,6731.25,189.90K,-2.58%
04/28/2022,6909.45,6858.00,6909.45,6828.85,97.70K,0.66%
04/27/2022,6863.91,6936.10,6945.30,6832.92,89.25K,-1.66%
04/26/2022,6980.02,6996.01,7001.91,6964.00,73.12K,-0.58%
04/25/2022,7020.83,6971.88,7020.83,6913.43,84.81K,0.32%
04/22/2022,6998.59,7067.93,7072.59,6959.95,76.63K,-0.89%
04/21/2022,7061.49,7145.50,7156.85,7050.62,104.83K,-1.13%
04/20/2022,7142.42,7085.23,7142.42,7067.74,92.66K,1.49%
04/19/2022,7037.74,7009.48,7047.49,7009.15,98.47K,0.60%
04/18/2022,6996.11,7010.92,7010.92,6977.40,52.80K,0.16%
04/13/2022,6984.90,6907.97,6984.90,6907.97,76.91K,1.30%
04/12/2022,6895.36,6992.97,6992.97,6895.36,105.29K,-1.33%
04/11/2022,6988.29,7017.95,7026.92,6988.29,57.40K,-0.42%
04/08/2022,7018.02,6957.42,7018.02,6950.10,87.22K,1.33%
04/07/2022,6926.03,7100.06,7120.82,6926.03,149.63K,-2.58%
04/06/2022,7109.26,7129.27,7130.92,7080.49,82.68K,-0.65%
04/05/2022,7156.07,7158.57,7158.57,7106.49,70.36K,-0.10%
04/04/2022,7163.21,7124.25,7163.21,7124.25,78.50K,0.14%
04/01/2022,7152.88,7160.48,7162.44,7103.47,101.97K,-0.70%
03/31/2022,7203.47,7173.69,7203.47,7156.49,172.40K,0.51%
03/30/2022,7167.02,7097.18,7167.02,7097.18,164.39K,0.73%
03/29/2022,7115.09,7090.22,7115.09,7062.72,115.64K,-0.27%
03/28/2022,7134.36,7120.74,7134.36,7080.37,87.93K,0.13%
03/25/2022,7124.84,7073.61,7124.84,7048.53,102.10K,0.60%
03/24/2022,7082.61,7013.39,7082.61,6985.47,125.08K,1.04%
03/23/2022,7009.43,6986.19,7013.67,6977.61,94.59K,0.01%
03/22/2022,7008.94,6940.85,7008.94,6900.49,118.36K,0.75%
03/21/2022,6956.60,7024.79,7054.98,6949.85,127.75K,-0.73%
03/18/2022,7007.63,7112.00,7140.90,7007.63,367.90K,-1.61%
03/17/2022,7122.45,7053.54,7156.77,7046.56,157.91K,1.37%
03/16/2022,7026.45,7004.57,7026.45,6957.46,143.22K,0.09%
03/15/2022,7019.92,6820.78,7019.92,6638.40,172.55K,2.98%
03/14/2022,6816.95,7076.79,7076.79,6797.09,171.86K,-4.15%
03/11/2022,7112.19,7084.78,7112.19,7044.84,118.95K,-0.18%
03/10/2022,7124.80,7094.78,7125.40,7043.45,129.81K,1.93%
03/09/2022,6989.88,6967.54,7095.12,6967.54,156.45K,0.17%
03/08/2022,6977.73,7167.95,7176.19,6977.73,231.68K,-4.26%
03/07/2022,7288.07,7304.76,7304.76,7158.33,158.55K,-0.73%
03/04/2022,7342.01,7369.80,7375.28,7320.44,87.24K,-0.62%
03/03/2022,7388.09,7319.88,7388.09,7310.24,108.95K,1.15%
03/02/2022,7304.02,7375.62,7379.13,7286.26,103.96K,-1.36%
03/01/2022,7404.61,7322.38,7404.61,7317.44,126.10K,1.28%
02/28/2022,7311.01,7175.82,7326.07,7175.82,227.99K,1.37%
02/24/2022,7212.23,7355.87,7383.90,7179.63,219.40K,-2.06%
02/23/2022,7364.21,7414.99,7414.99,7347.44,135.26K,-1.03%
02/22/2022,7440.91,7341.35,7440.91,7289.65,139.83K,0.93%
02/21/2022,7372.25,7330.44,7372.25,7257.43,141.77K,-0.63%
02/18/2022,7418.79,7419.58,7425.44,7368.67,187.38K,-0.27%
02/17/2022,7438.93,7455.09,7464.19,7423.95,167.25K,-0.19%
02/16/2022,7452.82,7324.88,7452.82,7324.88,214.47K,1.95%
02/15/2022,7309.94,7338.28,7372.65,7292.95,218.84K,-0.70%
02/14/2022,7361.15,7276.63,7361.15,7276.63,179.50K,1.25%
02/11/2022,7270.36,7446.21,7446.21,7270.36,425.91K,-2.18%
02/10/2022,7432.62,7508.73,7538.78,7427.44,173.81K,-0.93%
02/09/2022,7502.48,7475.21,7552.20,7475.21,158.87K,0.59%
02/08/2022,7458.23,7400.90,7473.71,7400.90,98.08K,1.06%
02/07/2022,7380.30,7469.29,7474.53,7378.70,166.46K,-1.02%
02/04/2022,7456.35,7407.97,7470.13,7394.44,129.61K,1.00%
02/03/2022,7382.77,7460.59,7460.59,7382.77,101.90K,-1.02%
02/02/2022,7458.99,7380.14,7517.50,7380.14,127.06K,1.32%
01/31/2022,7361.65,7279.05,7369.94,7279.05,113.97K,1.51%
01/28/2022,7251.97,7266.96,7315.31,7251.97,132.46K,-0.30%
01/27/2022,7273.52,7243.69,7275.28,7237.80,79.20K,0.27%
01/26/2022,7253.61,7283.15,7283.15,7210.21,107.96K,-0.47%
01/25/2022,7288.21,7262.63,7288.21,7242.08,83.43K,0.49%
01/24/2022,7252.64,7256.40,7256.85,7215.27,76.90K,-0.56%
01/21/2022,7293.52,7225.22,7293.52,7204.27,77.95K,0.75%
01/20/2022,7239.28,7258.17,7281.56,7218.68,181.97K,-0.31%
01/19/2022,7261.54,7304.62,7304.62,7242.28,101.47K,-1.12%
01/18/2022,7343.96,7246.35,7343.96,7244.84,69.95K,1.66%
01/17/2022,7223.83,7266.41,7280.11,7223.83,72.86K,-0.52%
01/14/2022,7261.34,7281.45,7293.44,7261.34,89.30K,-0.64%
01/13/2022,7307.75,7217.38,7317.09,7217.38,129.16K,1.28%
01/12/2022,7215.13,7142.53,7215.13,7134.00,123.14K,1.83%
01/11/2022,7085.69,7114.87,7160.80,7067.98,111.35K,-0.77%
01/10/2022,7140.67,6990.07,7156.84,6966.85,123.36K,1.85%
01/07/2022,7011.11,7074.99,7077.25,6978.08,152.30K,-1.05%
01/06/2022,7085.52,7037.99,7085.52,7008.07,114.94K,-0.08%
01/05/2022,7091.40,7069.17,7131.00,6999.17,167.23K,0.71%
01/03/2022,7041.27,7101.64,7101.64,7041.27,86.33K,-1.14%
12/31/2021,7122.63,7274.69,7274.69,7119.44,108.19K,-2.89%
12/29/2021,7334.56,7277.08,7334.56,7237.01,161.40K,0.66%
12/28/2021,7286.50,7239.78,7288.58,7239.78,90.76K,0.44%
12/27/2021,7254.80,7184.88,7254.80,7166.93,53.09K,1.02%
12/24/2021,7181.86,7257.72,7257.72,7181.86,44.99K,-0.91%
12/23/2021,7248.05,7143.67,7248.05,7143.67,131.78K,1.81%
12/22/2021,7119.19,7178.54,7201.12,7100.07,105.02K,-0.67%
12/21/2021,7167.06,7226.00,7234.90,7167.06,197.43K,-0.97%
12/20/2021,7237.61,7236.12,7239.85,7179.41,83.93K,-0.82%
12/17/2021,7297.66,7195.44,7297.66,7188.71,130.68K,0.89%
12/16/2021,7233.26,7132.58,7233.26,7132.58,144.34K,1.41%
12/15/2021,7132.58,7234.97,7263.27,7096.15,225.46K,-1.51%
12/14/2021,7241.99,7252.01,7252.01,7158.65,115.88K,0.62%
12/13/2021,7197.61,7192.80,7226.82,7165.25,115.55K,0.08%
12/10/2021,7192.17,7231.24,7231.24,7180.36,100.47K,-0.59%
12/09/2021,7234.92,7124.66,7234.92,7113.72,180.38K,1.23%
12/08/2021,7147.30,7147.30,7147.30,7147.30,,0.00%
12/07/2021,7147.30,7153.42,7170.82,7098.03,179.70K,0.23%
12/06/2021,7130.74,7075.76,7151.48,7075.76,119.56K,1.07%
12/03/2021,7055.19,7074.01,7120.07,7055.19,105.21K,0.32%
12/02/2021,7032.54,6952.48,7065.89,6945.99,168.87K,1.23%
12/01/2021,6947.06,7194.09,7194.09,6928.30,296.57K,-3.52%
11/29/2021,7200.88,7151.66,7202.72,7000.00,795.54K,-1.07%
11/26/2021,7278.44,7346.07,7346.07,7263.43,218.51K,-1.23%
11/25/2021,7369.27,7389.11,7397.58,7335.46,135.57K,-0.67%
11/24/2021,7419.10,7395.49,7419.10,7365.77,135.22K,0.24%
11/23/2021,7401.16,7272.70,7401.16,7261.11,172.69K,1.63%
11/22/2021,7282.67,7268.74,7282.67,7231.90,122.64K,0.03%
11/19/2021,7280.57,7298.09,7298.09,7209.67,140.00K,-0.26%
11/18/2021,7299.34,7358.07,7358.07,7292.78,108.60K,-0.69%
11/17/2021,7349.82,7356.87,7381.46,7344.36,105.52K,-0.24%
11/16/2021,7367.42,7343.24,7367.42,7307.71,184.42K,0.34%
11/15/2021,7342.37,7378.73,7378.73,7333.31,109.10K,-0.55%
11/12/2021,7382.84,7329.81,7387.82,7329.25,184.20K,0.70%
11/11/2021,7331.65,7360.89,7376.72,7315.22,119.84K,-0.60%
11/10/2021,7375.68,7454.49,7475.75,7361.30,131.92K,-0.89%
11/09/2021,7441.67,7415.97,7441.67,7407.28,192.74K,0.61%
11/08/2021,7396.22,7374.42,7424.94,7373.53,168.52K,0.76%
11/05/2021,7340.77,7247.21,7354.37,7243.28,189.92K,1.90%
11/04/2021,7203.72,7221.47,7224.05,7176.64,101.06K,0.26%
11/03/2021,7184.72,7136.67,7210.96,7136.67,136.54K,1.11%
11/02/2021,7106.01,7159.66,7182.61,7043.68,,0.73%
10/29/2021,7054.70,7159.66,7182.61,7043.68,179.21K,-1.44%
10/28/2021,7157.73,7235.22,7251.48,7144.44,160.17K,-1.00%
10/27/2021,7230.15,7254.20,7287.03,7218.61,180.86K,-0.30%
10/26/2021,7252.10,7221.49,7252.10,7181.47,156.37K,0.56%
10/25/2021,7211.54,7277.82,7295.35,7198.42,162.38K,-1.07%
10/22/2021,7289.61,7305.22,7305.22,7265.42,139.02K,-0.30%
10/21/2021,7311.72,7321.25,7326.10,7279.91,282.95K,0.20%
10/20/2021,7297.08,7250.46,7297.08,7250.46,169.10K,0.42%
10/19/2021,7266.31,7236.26,7289.97,7236.26,230.92K,0.64%
10/18/2021,7219.81,7193.57,7225.74,7158.24,240.88K,0.09%
10/15/2021,7213.46,7194.99,7228.59,7168.42,227.79K,0.42%
10/14/2021,7183.11,7132.19,7194.59,7132.19,217.10K,1.62%
10/13/2021,7068.92,7121.59,7159.42,7030.68,262.90K,-0.55%
10/12/2021,7107.82,7115.24,7166.63,7095.91,172.35K,-0.23%
10/11/2021,7124.01,6936.46,7171.43,6936.46,187.36K,3.14%
10/08/2021,6906.86,6972.18,7076.01,6906.86,266.39K,-0.64%
10/07/2021,6951.30,7049.17,7098.30,6951.30,215.71K,-1.50%
10/06/2021,7057.45,6989.54,7073.10,6973.28,197.03K,1.09%
10/05/2021,6981.24,6946.76,6981.24,6921.65,103.16K,0.29%
10/04/2021,6960.89,6929.71,6964.04,6929.71,103.54K,0.54%
10/01/2021,6923.60,6964.49,6984.79,6923.60,92.23K,-0.42%
09/30/2021,6952.88,6916.82,6984.14,6904.69,174.78K,0.27%
09/29/2021,6934.11,6875.16,6934.11,6771.76,224.22K,0.71%
09/28/2021,6885.36,6984.54,6984.54,6868.34,168.09K,-1.02%
09/27/2021,6956.26,6965.86,6987.26,6947.34,181.89K,0.07%
09/24/2021,6951.53,6940.22,6985.99,6939.98,139.80K,0.52%
09/23/2021,6915.28,6904.50,6974.00,6904.50,128.66K,0.36%
09/22/2021,6890.73,6891.44,6934.41,6890.67,162.05K,0.14%
09/21/2021,6881.20,6794.13,6890.97,6779.19,127.88K,0.34%
09/20/2021,6857.90,6922.52,6928.83,6824.60,156.91K,-0.79%
09/17/2021,6912.85,6962.04,6979.92,6912.85,368.16K,-0.80%
09/16/2021,6968.43,6893.54,6968.43,6885.70,159.19K,1.28%
09/15/2021,6880.20,6927.48,6974.97,6861.01,160.28K,-0.58%
09/14/2021,6920.36,6976.89,7033.06,6920.36,151.61K,-0.69%
09/13/2021,6968.14,6960.98,6973.08,6937.25,115.60K,-0.03%
09/10/2021,6970.51,6914.97,6970.51,6908.67,146.27K,0.67%
09/09/2021,6924.02,6939.10,6949.60,6897.12,139.74K,-0.37%
09/08/2021,6949.39,6893.16,6949.39,6865.03,115.53K,0.53%
09/07/2021,6912.71,6892.80,6924.14,6884.05,125.17K,0.52%
09/06/2021,6877.10,6884.63,6898.92,6867.12,130.49K,-0.29%
09/03/2021,6897.13,6841.13,6897.13,6841.13,168.64K,0.91%
09/02/2021,6834.66,6831.96,6887.12,6828.89,185.94K,0.72%
09/01/2021,6785.94,6829.58,6868.79,6779.74,170.32K,-1.01%
08/31/2021,6855.44,6786.11,6855.44,6651.01,286.09K,1.01%
08/27/2021,6786.62,6799.08,6831.26,6774.02,91.66K,-0.50%
08/26/2021,6820.53,6822.83,6850.18,6808.94,191.35K,-0.02%
08/25/2021,6822.15,6682.93,6822.15,6666.93,98.94K,2.15%
08/24/2021,6678.82,6631.87,6678.82,6628.40,126.28K,1.32%
08/23/2021,6591.67,6679.52,6690.18,6591.67,107.93K,-0.63%
08/20/2021,6633.22,6717.94,6743.28,6633.22,143.78K,-1.27%
08/19/2021,6718.51,6678.43,6718.51,6615.24,113.24K,0.57%
08/18/2021,6680.18,6568.72,6680.18,6567.52,125.97K,1.81%
08/17/2021,6561.41,6511.02,6589.35,6511.02,129.24K,0.73%
08/16/2021,6513.68,6420.31,6513.68,6413.77,131.90K,3.06%
08/13/2021,6320.19,6564.78,6588.44,6320.19,381.35K,-3.61%
08/12/2021,6556.57,6648.23,6648.23,6546.09,119.05K,-1.65%
08/11/2021,6666.86,6630.06,6666.86,6630.06,142.23K,0.66%
08/10/2021,6623.23,6644.39,6644.39,6584.63,150.38K,-0.14%
08/09/2021,6632.57,6555.74,6637.43,6537.20,133.22K,1.42%
08/06/2021,6539.91,6549.89,6578.41,6539.91,137.22K,-0.11%
08/05/2021,6547.27,6605.46,6605.46,6539.91,134.16K,-0.58%
08/04/2021,6585.21,6570.94,6598.18,6545.56,90.93K,0.38%
08/03/2021,6560.06,6442.40,6560.06,6376.11,114.03K,1.76%
08/02/2021,6446.31,6304.03,6446.31,6293.66,91.22K,2.81%
07/30/2021,6270.23,6520.12,6520.12,6270.23,145.82K,-3.48%
07/29/2021,6496.53,6465.21,6523.56,6442.51,116.93K,0.36%
07/28/2021,6473.03,6511.83,6511.83,6370.25,117.58K,-0.76%
07/27/2021,6522.58,6404.21,6522.58,6401.66,74.07K,2.35%
07/26/2021,6372.61,6509.74,6509.74,6372.61,73.38K,-2.27%
07/23/2021,6520.74,6600.88,6611.31,6461.75,86.56K,-0.85%
07/22/2021,6576.62,6496.97,6586.01,6496.97,88.04K,1.55%
07/21/2021,6476.21,6611.67,6611.67,6451.12,147.79K,-1.68%
07/20/2021,6587.20,6587.20,6587.20,6587.20,,0.00%
07/19/2021,6587.20,6665.54,6665.54,6510.43,148.03K,-1.59%
07/16/2021,6693.83,6743.78,6783.91,6653.53,142.92K,-0.51%
07/15/2021,6727.93,6829.05,6832.69,6727.93,80.87K,-1.57%
07/14/2021,6835.41,6811.59,6835.41,6785.84,120.84K,0.59%
07/13/2021,6795.13,6907.48,6907.48,6795.13,116.46K,-1.72%
07/12/2021,6913.87,6838.18,6913.87,6838.18,83.30K,1.16%
07/09/2021,6834.92,6900.34,6900.34,6745.85,179.10K,-1.30%
07/08/2021,6924.99,6945.99,6966.53,6917.38,116.66K,-0.26%
07/07/2021,6943.00,6994.13,6994.13,6924.21,141.94K,-0.71%
07/06/2021,6992.43,7064.24,7064.24,6992.43,120.25K,-0.62%
07/05/2021,7036.38,6993.68,7037.14,6992.70,89.91K,0.49%
07/02/2021,7002.26,6976.27,7002.26,6963.44,156.27K,0.55%
07/01/2021,6964.01,6949.98,7002.23,6946.21,108.65K,0.90%
06/30/2021,6901.91,6941.16,6957.56,6901.91,140.52K,-0.79%
06/29/2021,6956.65,6939.25,6956.65,6921.07,119.30K,0.27%
06/28/2021,6937.96,6949.53,6954.61,6901.89,139.89K,-0.18%
06/25/2021,6950.51,6894.27,6950.51,6894.27,92.57K,0.94%
06/24/2021,6886.00,6917.90,6919.13,6886.00,109.64K,-0.47%
06/23/2021,6918.41,6871.83,6918.96,6871.83,80.89K,0.70%
06/22/2021,6870.41,6834.19,6910.17,6834.19,77.06K,0.63%
06/21/2021,6827.17,6840.22,6849.45,6783.19,120.71K,-0.35%
06/18/2021,6851.38,6878.99,6896.36,6800.70,167.07K,-0.53%
06/17/2021,6887.92,6968.56,6974.56,6878.47,111.49K,-1.23%
06/16/2021,6973.35,6957.95,7001.21,6957.95,153.40K,-0.05%
06/15/2021,6976.73,6908.81,6976.73,6893.45,118.01K,0.86%
06/14/2021,6917.49,6898.20,6917.49,6871.71,108.33K,0.14%
06/11/2021,6907.79,6890.03,6910.33,6872.59,120.67K,0.47%
06/10/2021,6875.71,6923.95,6925.14,6872.72,164.09K,-0.39%
06/09/2021,6902.54,6811.46,6922.87,6805.00,184.07K,1.36%
06/08/2021,6809.72,6781.04,6809.72,6767.34,83.22K,0.68%
06/07/2021,6763.92,6801.36,6801.36,6758.09,88.82K,-0.48%
06/04/2021,6796.34,6789.03,6810.76,6761.91,110.60K,0.07%
06/03/2021,6791.87,6835.24,6835.24,6760.19,138.95K,-0.73%
06/02/2021,6841.69,6631.72,6841.69,6631.72,226.85K,3.23%
06/01/2021,6627.43,6619.02,6644.82,6576.64,79.09K,-0.02%
05/31/2021,6628.49,6656.88,6687.64,6588.04,122.39K,-0.69%
05/28/2021,6674.51,6622.18,6688.07,6597.50,301.77K,0.14%
05/27/2021,6665.14,6374.31,6665.14,6365.76,1.27M,5.11%
05/26/2021,6341.24,6223.67,6377.10,6213.44,235.77K,2.33%
05/25/2021,6196.71,6173.25,6203.00,6164.90,176.35K,0.52%
05/24/2021,6164.89,6195.87,6209.05,6156.20,165.10K,-0.55%
05/21/2021,6199.25,6201.88,6218.41,6172.18,115.68K,0.03%
05/20/2021,6197.64,6253.02,6253.02,6197.64,110.97K,-0.75%
05/18/2021,6244.74,6230.54,6258.77,6210.00,124.21K,-0.62%
05/17/2021,6283.58,6226.83,6283.58,6188.74,139.27K,0.23%
05/14/2021,6269.36,6262.31,6269.36,6080.94,286.07K,0.53%
05/12/2021,6236.40,6310.33,6310.33,6221.93,199.33K,-1.43%
05/11/2021,6326.83,6298.92,6341.12,6281.61,128.68K,0.15%
05/10/2021,6317.41,6279.79,6321.51,6279.79,88.74K,0.94%
05/07/2021,6258.71,6278.70,6305.99,6257.50,86.86K,-0.38%
05/06/2021,6282.78,6310.37,6322.17,6233.33,107.26K,-0.27%
05/05/2021,6299.69,6352.55,6354.81,6299.69,109.92K,-0.94%
05/04/2021,6359.15,6391.83,6397.19,6356.14,90.43K,-0.16%
05/03/2021,6369.28,6392.97,6419.52,6369.28,77.77K,-0.02%
04/30/2021,6370.87,6475.61,6476.11,6370.87,116.89K,-1.80%
04/29/2021,6487.51,6453.26,6487.51,6420.94,118.70K,0.28%
04/28/2021,6469.14,6381.74,6469.14,6375.29,139.17K,1.77%
04/27/2021,6356.47,6387.15,6397.74,6356.47,139.85K,-0.52%
04/26/2021,6389.38,6417.77,6417.77,6348.56,107.57K,0.18%
04/23/2021,6378.07,6423.30,6424.55,6371.43,125.69K,-0.58%
04/22/2021,6415.53,6451.23,6451.65,6374.33,146.03K,-0.37%
04/21/2021,6439.39,6492.52,6494.78,6439.39,139.96K,-0.94%
04/20/2021,6500.42,6464.65,6500.42,6459.44,105.61K,0.63%
04/19/2021,6459.76,6503.77,6503.77,6459.76,131.57K,-0.54%
04/16/2021,6494.81,6533.56,6533.56,6490.68,85.32K,-0.69%
04/15/2021,6539.96,6505.13,6539.96,6464.49,140.46K,0.26%
04/14/2021,6523.21,6474.25,6523.21,6453.26,117.88K,1.01%
04/13/2021,6457.79,6520.03,6520.03,6431.71,129.72K,-0.93%
04/12/2021,6518.64,6562.11,6566.67,6504.59,93.67K,-0.41%
04/08/2021,6545.17,6648.71,6648.71,6542.27,93.58K,-1.60%
04/07/2021,6651.71,6591.05,6651.71,6578.12,133.69K,0.93%
04/06/2021,6590.11,6521.26,6590.11,6518.49,78.84K,1.46%
04/05/2021,6495.15,6447.40,6500.35,6446.04,77.84K,0.81%
03/31/2021,6443.09,6554.43,6557.04,6443.09,114.92K,-1.57%
03/30/2021,6545.55,6586.93,6603.06,6504.18,82.15K,-0.94%
03/29/2021,6607.78,6469.26,6653.52,6432.07,107.05K,0.96%
03/26/2021,6544.63,6567.89,6576.60,6526.29,104.30K,-0.55%
03/25/2021,6581.00,6498.51,6603.55,6498.51,125.59K,1.29%
03/24/2021,6497.01,6427.72,6497.01,6393.14,83.84K,0.79%
03/23/2021,6446.35,6381.82,6446.35,6381.82,83.56K,0.80%
03/22/2021,6395.17,6381.59,6444.58,6325.64,77.08K,-0.64%
03/19/2021,6436.10,6628.74,6638.93,6436.10,149.88K,-2.94%
03/18/2021,6630.85,6581.47,6675.84,6577.64,94.19K,0.97%
03/17/2021,6566.83,6574.31,6593.53,6548.54,88.59K,0.12%
03/16/2021,6559.08,6529.10,6610.53,6519.18,74.77K,0.10%
03/15/2021,6552.46,6694.09,6694.09,6489.79,126.88K,-2.62%
03/12/2021,6728.55,6734.40,6749.13,6693.91,60.80K,0.14%
03/11/2021,6719.18,6782.57,6782.57,6705.67,58.97K,-1.31%
03/10/2021,6808.32,6752.90,6808.32,6727.10,113.98K,0.61%
03/09/2021,6766.83,6738.83,6769.38,6668.33,92.58K,0.15%
03/08/2021,6756.92,6879.77,6879.77,6745.75,106.26K,-1.81%
03/05/2021,6881.37,6864.58,6896.25,6829.21,77.54K,-0.02%
03/04/2021,6882.49,6911.17,6921.10,6839.34,87.51K,-0.87%
03/03/2021,6942.76,6918.74,6942.76,6871.18,80.08K,0.34%
03/02/2021,6919.54,6862.64,6919.54,6848.81,113.35K,0.68%
03/01/2021,6872.97,6828.70,6874.40,6798.81,107.46K,1.15%
02/26/2021,6794.86,6718.06,6827.17,6681.14,198.57K,0.58%
02/24/2021,6755.95,6808.42,6808.42,6735.84,84.96K,-0.86%
02/23/2021,6814.67,6808.13,6814.67,6736.42,111.81K,0.06%
02/22/2021,6810.34,6901.93,6907.47,6810.34,78.87K,-1.68%
02/19/2021,6926.41,6858.72,6926.41,6841.48,103.24K,1.12%
02/18/2021,6849.64,6954.37,6972.26,6849.64,111.35K,-1.68%
02/17/2021,6966.43,6991.36,6995.60,6916.71,88.26K,-1.10%
02/16/2021,7044.06,6969.93,7044.06,6969.93,92.30K,1.22%
02/15/2021,6959.21,6996.58,7026.40,6959.21,79.14K,-0.45%
02/11/2021,6991.01,7059.48,7076.01,6991.01,132.19K,-1.29%
02/10/2021,7082.15,7076.38,7159.11,7073.78,115.75K,0.23%
02/09/2021,7065.55,7014.79,7091.92,7014.79,101.54K,0.58%
02/08/2021,7024.48,6997.28,7032.12,6965.93,102.24K,0.08%
02/05/2021,7019.18,6899.15,7019.18,6843.83,96.06K,1.67%
02/04/2021,6903.75,6858.04,6903.75,6809.41,79.21K,0.65%
02/03/2021,6859.46,6895.43,6913.30,6819.42,105.55K,-0.12%
02/02/2021,6867.88,6838.26,6917.92,6837.31,80.81K,0.78%
02/01/2021,6814.76,6634.59,6814.76,6634.59,107.30K,3.06%
01/29/2021,6612.62,6826.65,6827.38,6612.62,175.33K,-3.49%
01/28/2021,6851.84,6808.72,6918.30,6770.75,82.27K,-0.17%
01/27/2021,6863.61,6947.52,6949.48,6824.88,120.01K,-1.63%
01/26/2021,6977.16,7039.17,7039.17,6961.06,114.69K,-1.33%
01/25/2021,7071.50,7026.77,7071.50,7012.76,82.85K,0.36%
01/22/2021,7045.83,7116.76,7116.76,7007.20,110.17K,-1.32%
01/21/2021,7140.29,7161.07,7161.07,7112.33,77.87K,-0.04%
01/20/2021,7143.30,7164.06,7172.16,7082.75,103.59K,-0.77%
01/19/2021,7198.45,7158.73,7198.45,7137.56,73.63K,-0.07%
01/18/2021,7203.44,7230.05,7230.05,7157.63,85.71K,-0.48%
01/15/2021,7238.46,7282.26,7297.41,7238.46,90.71K,-0.48%
01/14/2021,7273.15,7183.95,7308.44,7180.88,122.65K,0.42%
01/13/2021,7242.85,7259.46,7284.60,7233.99,104.13K,-0.21%
01/12/2021,7258.11,7326.54,7326.54,7253.81,101.99K,-0.64%
01/11/2021,7304.79,7292.99,7432.40,7285.08,121.25K,0.20%
01/08/2021,7289.88,7141.35,7289.88,7134.75,159.05K,2.39%
01/07/2021,7119.61,7054.39,7126.07,7028.06,92.75K,1.02%
01/06/2021,7047.85,7126.91,7127.01,6928.90,112.06K,-1.21%
01/05/2021,7134.18,7186.72,7186.72,7104.00,123.32K,-0.88%
01/04/2021,7197.50,7149.64,7207.79,7137.91,136.51K,0.81%
12/29/2020,7139.71,7123.12,7173.27,7120.82,118.12K,0.25%
12/28/2020,7122.25,7142.95,7142.95,7058.66,89.30K,-1.14%
12/23/2020,7204.38,7169.05,7206.46,7075.18,99.91K,0.03%
12/22/2020,7202.39,7206.33,7206.54,7081.14,172.67K,-0.31%
12/21/2020,7224.89,7244.85,7251.02,7157.88,127.10K,-0.66%
12/18/2020,7272.80,7266.96,7286.67,7222.01,149.70K,-0.35%
12/17/2020,7298.02,7271.65,7298.02,7236.82,111.07K,-0.02%
12/16/2020,7299.70,7242.47,7299.70,7202.49,138.99K,1.00%
12/15/2020,7227.73,7281.91,7290.60,7214.14,203.83K,-0.74%
12/14/2020,7281.35,7244.38,7311.21,7214.94,176.26K,0.49%
12/11/2020,7246.16,7183.88,7304.90,7181.22,167.30K,1.28%
12/10/2020,7154.43,7114.69,7166.85,7114.69,127.98K,0.73%
12/09/2020,7102.66,7197.07,7247.34,7102.66,226.23K,-1.40%
12/07/2020,7203.67,7173.70,7203.67,7142.30,150.48K,0.97%
12/04/2020,7134.56,7184.57,7196.96,7097.35,176.21K,-0.83%
12/03/2020,7194.13,7077.63,7194.13,7022.86,256.08K,1.60%
12/02/2020,7080.62,7019.25,7080.62,6988.27,149.63K,1.01%
12/01/2020,7009.56,6740.30,7009.56,6740.30,172.43K,3.21%
11/27/2020,6791.46,6885.07,6909.03,6791.46,594.66K,-1.97%
11/26/2020,6927.75,6987.32,6987.32,6843.11,186.61K,-1.05%
11/25/2020,7001.51,7125.44,7146.13,6994.79,268.28K,-1.51%
11/24/2020,7108.67,7211.13,7228.12,7016.11,210.48K,-0.97%
11/23/2020,7178.62,7163.98,7263.71,7158.68,414.39K,0.12%
11/20/2020,7169.79,7024.23,7169.79,7021.18,226.73K,2.46%
11/19/2020,6997.62,7008.96,7012.54,6974.65,181.32K,-0.77%
11/18/2020,7051.78,6971.90,7051.78,6970.49,181.96K,1.33%
11/17/2020,6959.14,6950.52,6971.60,6921.12,172.03K,0.59%
11/16/2020,6918.05,6991.39,6991.39,6857.89,174.12K,-0.74%
11/13/2020,6969.88,6933.89,6972.66,6917.02,191.25K,-0.77%
11/12/2020,7024.26,6968.93,7079.18,6944.11,296.45K,0.00%
11/11/2020,7024.26,6968.93,7079.18,6944.11,296.45K,-0.16%
11/10/2020,7035.48,6792.58,7035.48,6792.58,273.85K,5.23%
11/09/2020,6685.85,6665.08,6685.85,6619.59,148.71K,0.00%
11/06/2020,6685.69,6686.13,6709.73,6571.00,196.13K,0.62%
11/05/2020,6644.77,6477.16,6702.75,6477.16,202.37K,2.80%
11/04/2020,6464.05,6374.47,6464.05,6334.09,126.94K,2.03%
11/03/2020,6335.56,6282.89,6358.42,6250.87,92.46K,0.18%
10/30/2020,6324.00,6233.60,6328.38,6202.90,147.36K,1.19%
10/29/2020,6249.39,6326.31,6326.31,6248.48,164.49K,-2.01%
10/28/2020,6377.79,6413.60,6415.03,6377.79,128.99K,-0.58%
10/27/2020,6415.08,6467.45,6467.45,6381.19,150.49K,-1.17%
10/26/2020,6491.19,6496.19,6517.26,6453.20,141.85K,0.11%
10/23/2020,6484.06,6370.92,6484.45,6370.92,203.82K,2.20%
10/22/2020,6344.63,6309.87,6344.63,6241.31,258.34K,1.05%
10/21/2020,6278.59,6146.04,6290.68,6146.04,287.42K,2.71%
10/20/2020,6112.71,6022.61,6133.00,6018.33,183.30K,1.55%
10/19/2020,6019.26,5913.78,6019.26,5913.78,112.23K,2.05%
10/16/2020,5898.47,5921.34,5939.62,5898.47,140.60K,-0.67%
10/15/2020,5938.33,5930.43,5950.50,5919.55,152.75K,0.22%
10/14/2020,5925.30,5923.92,5933.83,5913.01,133.81K,0.03%
10/13/2020,5923.23,5938.61,5946.07,5920.77,128.62K,-0.23%
10/12/2020,5937.05,5935.40,5954.47,5910.73,146.60K,0.09%
10/09/2020,5931.61,5943.71,5943.71,5908.52,175.23K,-0.19%
10/08/2020,5942.66,5888.45,5942.66,5825.48,189.54K,1.27%
10/07/2020,5867.88,5904.91,5904.91,5845.68,175.92K,-0.72%
10/06/2020,5910.64,5938.41,5949.67,5850.85,152.04K,-0.48%
10/05/2020,5938.95,6005.58,6010.76,5938.95,181.37K,-1.01%
10/02/2020,5999.40,5942.15,5999.40,5924.86,164.01K,0.92%
10/01/2020,5944.87,5881.90,5944.87,5857.38,77.24K,1.38%
09/30/2020,5864.23,5863.50,5878.53,5849.50,98.14K,0.39%
09/29/2020,5841.60,5878.28,5878.32,5841.60,91.54K,-0.34%
09/28/2020,5861.39,5870.52,5872.19,5846.23,77.06K,0.39%
09/25/2020,5838.66,5842.81,5880.18,5829.66,89.26K,-0.12%
09/24/2020,5845.80,5888.20,5888.20,5845.80,102.00K,-0.80%
09/23/2020,5892.72,5900.88,5903.58,5876.78,83.05K,-0.03%
09/22/2020,5894.28,5893.19,5894.28,5837.03,78.64K,-0.25%
09/21/2020,5909.32,5913.60,5925.31,5879.76,60.42K,0.01%
09/18/2020,5908.90,5945.25,5952.10,5886.37,170.59K,-0.58%
09/17/2020,5943.52,5946.05,5946.05,5886.33,92.82K,-0.05%
09/16/2020,5946.62,5996.99,5996.99,5943.92,84.45K,-1.19%
09/15/2020,6018.21,5989.44,6018.21,5947.85,102.73K,0.35%
09/14/2020,5997.14,5954.23,5997.14,5934.47,105.41K,0.49%
09/11/2020,5967.96,5906.94,5967.96,5888.36,92.18K,1.11%
09/10/2020,5902.39,5955.55,5973.59,5902.39,117.56K,-0.51%
09/09/2020,5932.84,6000.16,6000.16,5932.84,120.37K,-1.68%
09/08/2020,6034.03,5917.54,6034.03,5908.47,141.55K,1.65%
09/07/2020,5935.85,5787.70,5935.85,5772.01,115.59K,2.61%
09/04/2020,5785.09,5750.16,5785.09,5695.78,92.77K,0.21%
09/03/2020,5772.86,5751.14,5775.97,5723.46,121.13K,0.60%
09/02/2020,5738.39,5820.70,5820.70,5703.59,140.78K,-1.05%
09/01/2020,5799.24,5922.06,5946.22,5799.24,149.35K,-1.44%
08/28/2020,5884.18,5917.71,5931.39,5872.26,203.01K,-0.63%
08/27/2020,5921.55,5930.04,5950.53,5919.74,116.16K,-0.16%
08/26/2020,5931.33,5935.83,5935.83,5895.70,118.09K,-0.37%
08/25/2020,5953.44,5934.26,5962.89,5893.14,80.69K,0.17%
08/24/2020,5943.58,5997.55,5997.55,5925.80,626.45K,-1.03%
08/20/2020,6005.40,6058.35,6064.09,5962.64,73.51K,-0.61%
08/19/2020,6042.12,6167.13,6167.13,6042.12,115.53K,-1.86%
08/18/2020,6156.45,6098.08,6156.45,6058.98,134.99K,1.44%
08/17/2020,6068.78,6081.11,6081.11,6012.14,119.38K,-0.13%
08/14/2020,6076.91,6069.67,6076.91,6014.78,251.85K,-0.34%
08/13/2020,6097.78,6015.26,6097.78,6010.60,110.73K,1.71%
08/12/2020,5995.00,5980.49,5995.00,5966.97,112.70K,0.69%
08/11/2020,5953.94,5934.91,5984.35,5913.59,136.88K,0.39%
08/10/2020,5930.92,5853.12,5930.92,5832.60,89.90K,1.45%
08/07/2020,5846.02,5906.87,5906.87,5834.86,129.44K,-0.96%
08/06/2020,5902.58,5860.36,5902.58,5819.37,151.55K,1.18%
08/05/2020,5833.58,5812.22,5888.85,5803.58,161.80K,1.01%
08/04/2020,5775.50,5691.74,5802.49,5691.74,130.80K,1.04%
08/03/2020,5715.92,5816.23,5816.23,5695.53,161.96K,-3.58%
07/30/2020,5928.45,5968.13,5968.13,5928.45,120.64K,-0.63%
07/29/2020,5966.27,5923.10,5966.27,5870.83,96.06K,0.66%
07/28/2020,5927.11,5849.83,5939.60,5799.11,105.06K,1.13%
07/27/2020,5860.94,5985.24,5985.24,5858.28,108.71K,-2.37%
07/24/2020,6003.26,6002.20,6024.65,5968.72,61.82K,-0.43%
07/23/2020,6029.01,6076.90,6076.90,5915.83,120.89K,-0.58%
07/22/2020,6064.26,6138.38,6149.20,6064.26,135.14K,-1.17%
07/21/2020,6136.31,6114.09,6152.06,6095.74,99.41K,-0.23%
07/20/2020,6150.70,6112.58,6150.70,6070.19,80.34K,1.02%
07/17/2020,6088.75,6116.20,6141.23,6032.30,93.36K,-0.96%
07/16/2020,6147.66,6034.76,6147.66,6034.76,103.03K,2.18%
07/15/2020,6016.51,6166.32,6166.32,6010.88,204.80K,-2.53%
07/14/2020,6172.81,6158.40,6178.68,6135.29,122.80K,0.00%
07/13/2020,6172.57,6187.78,6187.78,6151.11,124.85K,-0.40%
07/10/2020,6197.38,6157.47,6197.38,6098.53,121.49K,0.08%
07/09/2020,6192.58,6282.43,6282.43,6192.58,99.98K,-1.48%
07/08/2020,6285.50,6265.43,6287.74,6227.74,347.41K,0.29%
07/07/2020,6267.40,6349.12,6349.61,6267.40,121.79K,-0.96%
07/06/2020,6328.41,6378.29,6381.06,6299.98,118.98K,-0.69%
07/03/2020,6372.66,6383.37,6398.79,6322.92,114.80K,0.13%
07/02/2020,6364.08,6211.51,6382.60,6183.03,164.44K,2.49%
07/01/2020,6209.71,6223.54,6223.54,6139.44,104.92K,0.03%
06/30/2020,6207.72,6134.49,6207.72,6131.22,152.31K,1.68%
06/29/2020,6105.18,6125.57,6125.57,6040.43,188.50K,-1.40%
06/26/2020,6191.84,6137.61,6191.84,6092.01,151.48K,1.20%
06/25/2020,6118.26,6156.79,6162.22,6109.22,253.37K,-1.14%
06/24/2020,6188.83,6304.33,6306.21,6188.83,209.53K,-1.73%
06/23/2020,6297.78,6324.52,6324.52,6258.37,219.52K,-0.78%
06/22/2020,6347.43,6316.20,6347.43,6249.47,226.80K,0.51%
06/19/2020,6315.07,6293.18,6375.03,6260.18,335.17K,-0.53%
06/18/2020,6348.45,6258.88,6348.45,6205.25,162.17K,1.06%
06/17/2020,6282.01,6348.88,6352.90,6278.02,240.20K,0.00%
06/16/2020,6281.75,6226.96,6316.23,6197.29,163.55K,1.91%
06/15/2020,6163.82,6340.32,6340.32,6163.82,211.04K,-4.82%
06/11/2020,6476.24,6398.19,6476.24,6263.20,211.13K,0.57%
06/10/2020,6439.37,6551.32,6551.32,6349.20,221.00K,-2.19%
06/09/2020,6583.84,6527.36,6583.84,6438.97,252.48K,1.07%
06/08/2020,6514.00,6487.76,6551.26,6430.72,264.93K,0.76%
06/05/2020,6465.13,6452.64,6465.13,6299.83,219.59K,-0.80%
06/04/2020,6517.49,6231.56,6517.49,6231.56,330.14K,4.35%
06/03/2020,6245.65,6064.67,6245.65,6062.05,227.71K,3.66%
06/02/2020,6025.17,5933.43,6043.09,5930.05,221.11K,1.60%
06/01/2020,5930.17,5791.32,5931.65,5750.00,192.53K,1.56%
05/29/2020,5838.84,5600.72,5838.84,5600.72,484.21K,4.82%
05/28/2020,5570.22,5533.22,5574.22,5492.09,158.36K,0.84%
05/27/2020,5523.78,5499.97,5523.78,5423.78,135.99K,0.49%
05/26/2020,5496.83,5526.99,5533.65,5396.13,129.61K,-0.76%
05/25/2020,5539.19,5539.19,5539.19,5539.19,,0.00%
05/22/2020,5539.19,5600.96,5600.96,5535.65,116.47K,-1.17%
05/21/2020,5604.49,5582.27,5613.90,5557.08,101.50K,0.40%
05/20/2020,5581.96,5568.40,5581.96,5518.52,71.72K,0.47%
05/19/2020,5555.85,5543.59,5571.40,5537.02,115.47K,1.40%
05/18/2020,5479.35,5557.99,5557.99,5466.88,81.34K,-1.13%
05/15/2020,5541.95,5659.12,5664.25,5541.95,121.28K,-1.99%
05/14/2020,5654.70,5612.97,5654.70,5556.81,86.89K,0.51%
05/13/2020,5626.25,5656.19,5661.18,5607.77,144.21K,-0.45%
05/12/2020,5651.67,5667.42,5668.36,5633.82,129.96K,-0.29%
05/11/2020,5667.93,5641.53,5681.68,5627.19,116.76K,0.82%
05/08/2020,5621.94,5674.47,5696.31,5621.94,174.59K,-0.55%
05/07/2020,5653.16,5661.95,5670.34,5599.82,171.87K,0.25%
05/06/2020,5639.27,5689.78,5702.58,5594.81,269.23K,-0.57%
05/05/2020,5671.67,5610.00,5703.96,5603.40,263.90K,1.79%
05/04/2020,5572.09,5601.39,5601.39,5502.05,135.58K,-2.26%
04/30/2020,5700.71,5695.13,5716.88,5654.96,161.31K,1.01%
04/29/2020,5643.97,5589.27,5656.01,5556.23,127.37K,1.24%
04/28/2020,5574.98,5470.83,5574.98,5466.47,126.70K,2.28%
04/27/2020,5450.45,5493.21,5493.21,5390.97,86.64K,-0.27%
04/24/2020,5464.98,5622.76,5622.76,5464.98,135.67K,-2.40%
04/23/2020,5599.55,5631.84,5672.08,5599.55,82.03K,0.46%
04/22/2020,5573.75,5517.67,5577.91,5461.94,113.87K,-0.33%
04/21/2020,5592.25,5704.30,5704.30,5571.08,139.16K,-2.47%
04/20/2020,5733.65,5813.93,5816.90,5704.20,121.52K,-0.97%
04/17/2020,5789.97,5704.40,5789.97,5694.94,197.25K,4.78%
04/16/2020,5525.60,5828.76,5828.76,5525.60,251.79K,-7.07%
04/15/2020,5946.05,5824.76,5946.05,5807.68,279.23K,2.86%
04/14/2020,5780.88,5657.76,5780.88,5640.85,205.02K,3.03%
04/13/2020,5610.98,5551.96,5610.98,5521.49,169.07K,1.82%
04/08/2020,5510.83,5593.71,5593.71,5498.54,186.88K,-2.46%
04/07/2020,5650.01,5694.68,5713.63,5597.98,231.09K,1.42%
04/06/2020,5570.81,5380.51,5570.81,5345.94,220.35K,4.19%
04/03/2020,5346.97,5370.85,5372.70,5315.40,123.29K,0.09%
04/02/2020,5342.31,5280.13,5342.31,5247.57,131.18K,-1.22%
04/01/2020,5408.52,5321.79,5408.52,5290.85,163.84K,1.64%
03/31/2020,5321.23,5227.37,5340.09,5226.27,294.47K,3.70%
03/30/2020,5131.16,5234.99,5234.99,4984.79,272.50K,-2.57%
03/27/2020,5266.62,5493.58,5641.94,5266.62,275.10K,-2.50%
03/26/2020,5401.58,5128.27,5401.58,5076.26,262.19K,7.44%
03/25/2020,5027.76,5006.76,5073.58,4964.00,446.81K,5.31%
03/24/2020,4774.27,4817.06,4864.86,4771.78,250.23K,0.65%
03/23/2020,4743.37,4527.29,4743.37,4509.22,217.81K,-0.74%
03/20/2020,4778.76,4761.89,4936.20,4677.66,217.93K,3.36%
03/19/2020,4623.42,4673.58,4751.72,4039.15,306.47K,-13.34%
03/17/2020,5335.37,5506.96,5533.17,5335.37,246.60K,0.00%
03/16/2020,5335.37,5506.96,5533.17,5335.37,246.60K,-7.91%
03/13/2020,5793.94,5362.92,5878.40,5097.90,334.70K,1.01%
03/12/2020,5736.27,6235.85,6235.85,5697.13,265.19K,-9.71%
03/11/2020,6353.26,6384.28,6495.71,6336.68,192.18K,0.55%
03/10/2020,6318.38,6165.82,6387.53,6103.75,240.03K,0.09%
03/09/2020,6312.61,6575.54,6575.54,6312.61,242.82K,-6.76%
03/06/2020,6770.38,6871.14,6871.14,6745.32,227.00K,-1.66%
03/05/2020,6884.77,6899.02,6941.20,6872.97,175.26K,0.25%
03/04/2020,6867.26,6791.14,6867.26,6710.18,171.16K,1.13%
03/03/2020,6790.54,6854.90,6886.11,6790.54,170.54K,0.61%
03/02/2020,6749.28,6759.37,6866.13,6700.75,155.33K,-0.57%
02/28/2020,6787.91,6858.91,6858.91,6769.97,247.89K,-2.58%
02/27/2020,6967.84,6890.02,6979.57,6890.02,215.97K,0.84%
02/26/2020,6909.84,7101.88,7101.88,6879.09,225.47K,-3.86%
02/24/2020,7187.44,7267.86,7270.47,7180.10,120.68K,-2.47%
02/21/2020,7369.78,7430.57,7431.03,7366.80,183.29K,-0.58%
02/20/2020,7413.00,7426.91,7472.99,7413.00,99.22K,0.22%
02/19/2020,7396.94,7319.99,7396.94,7319.99,114.22K,1.01%
02/18/2020,7322.89,7329.03,7346.00,7311.50,92.43K,-0.05%
02/17/2020,7326.85,7305.66,7348.04,7292.95,92.81K,0.62%
02/14/2020,7282.00,7405.15,7405.15,7282.00,145.07K,-1.64%
02/13/2020,7403.12,7390.01,7403.12,7332.91,119.25K,0.27%
02/12/2020,7383.10,7435.25,7440.31,7383.10,139.77K,-0.76%
02/11/2020,7439.40,7444.66,7444.66,7403.23,104.85K,0.11%
02/10/2020,7430.86,7510.84,7510.84,7414.01,119.56K,-1.02%
02/07/2020,7507.20,7447.33,7507.20,7429.61,96.74K,0.01%
02/06/2020,7506.51,7373.59,7506.51,7373.59,141.09K,2.09%
02/05/2020,7352.85,7291.44,7352.85,7281.42,137.65K,1.74%
02/04/2020,7226.90,7172.41,7276.40,7158.20,132.80K,1.26%
02/03/2020,7137.03,7206.22,7219.61,7129.19,128.94K,-0.89%
01/31/2020,7200.79,7413.17,7446.26,7200.79,219.42K,-2.60%
01/30/2020,7392.68,7466.45,7484.65,7392.68,147.91K,-0.93%
01/29/2020,7462.31,7472.53,7472.53,7423.69,120.49K,-0.09%
01/28/2020,7468.70,7563.12,7563.12,7468.70,101.52K,-1.57%
01/27/2020,7587.63,7616.90,7624.37,7580.67,88.02K,-0.47%
01/24/2020,7623.41,7622.12,7635.62,7581.12,106.11K,0.09%
01/23/2020,7616.35,7503.64,7616.35,7495.60,119.12K,1.98%
01/22/2020,7468.73,7469.14,7478.10,7425.86,140.50K,0.03%
01/21/2020,7466.65,7570.20,7586.59,7442.13,152.78K,-1.14%
01/20/2020,7552.60,7727.45,7727.45,7513.95,149.25K,-2.20%
01/17/2020,7722.58,7691.87,7722.58,7648.94,109.35K,0.91%
01/16/2020,7653.18,7674.48,7679.28,7614.73,121.39K,-0.15%
01/15/2020,7664.40,7784.14,7784.14,7664.40,132.87K,-1.65%
01/14/2020,7793.25,7761.59,7793.25,7684.28,187.12K,0.21%
01/13/2020,7776.77,7794.90,7794.90,7729.05,102.29K,0.00%
01/10/2020,7776.77,7794.90,7794.90,7729.05,102.25K,-0.27%
01/09/2020,7797.64,7736.63,7797.64,7736.63,135.55K,0.79%
01/08/2020,7736.24,7762.48,7767.62,7721.29,122.37K,-1.33%
01/07/2020,7840.70,7787.32,7840.70,7781.21,248.66K,0.55%
01/06/2020,7797.87,7802.86,7802.86,7697.89,102.13K,-0.53%
01/03/2020,7839.79,7737.70,7890.94,7737.70,118.85K,1.26%
01/02/2020,7742.53,7721.26,7742.53,7643.98,101.15K,-0.93%
12/27/2019,7815.26,7848.39,7891.99,7815.26,177.83K,-0.34%
12/26/2019,7842.28,7794.53,7842.28,7772.97,96.26K,-0.39%
12/23/2019,7872.60,7745.96,7872.60,7745.26,124.41K,1.28%
12/20/2019,7773.12,7643.99,7773.12,7469.41,303.84K,1.56%
12/19/2019,7653.94,7751.21,7751.21,7617.75,194.65K,-1.03%
12/18/2019,7733.67,7751.29,7751.29,7682.94,200.35K,0.04%
12/17/2019,7730.45,7708.07,7730.45,7631.08,239.09K,0.37%
12/16/2019,7701.60,7882.76,7892.29,7701.60,248.01K,-2.23%
12/13/2019,7877.63,7818.40,7884.17,7804.98,390.14K,1.76%
12/12/2019,7741.07,7744.15,7787.74,7720.50,327.84K,-0.58%
12/11/2019,7786.41,7752.23,7801.10,7751.53,254.80K,0.65%
12/10/2019,7736.18,7760.17,7777.45,7735.61,117.86K,-0.56%
12/09/2019,7779.80,7825.13,7838.49,7779.80,171.61K,-0.28%
12/06/2019,7801.72,7796.44,7811.19,7760.75,152.38K,0.14%
12/05/2019,7790.91,7789.74,7817.97,7777.07,171.45K,-0.32%
12/04/2019,7815.93,7848.53,7848.53,7772.05,250.62K,-0.50%
12/03/2019,7855.18,7858.96,7888.46,7829.35,123.62K,-0.28%
12/02/2019,7877.19,7769.26,7877.19,7753.76,112.89K,1.79%
11/29/2019,7738.96,7754.70,7773.83,7712.39,114.96K,-0.38%
11/28/2019,7768.66,7808.58,7826.82,7748.95,157.26K,-0.87%
11/27/2019,7836.89,7747.43,7842.52,7744.03,239.67K,1.67%
11/26/2019,7707.80,7760.38,7817.20,7707.80,934.87K,-0.82%
11/25/2019,7771.62,7787.48,7803.87,7750.23,151.39K,-0.68%
11/22/2019,7824.59,7754.51,7824.59,7708.09,141.84K,0.07%
11/21/2019,7818.89,7882.04,7882.04,7744.18,139.31K,-1.00%
11/20/2019,7898.06,7896.56,7898.06,7851.85,120.52K,-0.18%
11/19/2019,7912.14,7882.26,7912.14,7882.26,296.70K,0.40%
11/18/2019,7880.94,7925.19,7925.19,7859.04,67.04K,-0.66%
11/15/2019,7932.96,7938.59,7946.42,7905.53,120.53K,-0.01%
11/14/2019,7933.71,7926.07,7933.71,7881.24,106.82K,-0.17%
11/13/2019,7947.47,7988.78,7988.78,7914.45,95.09K,-0.81%
11/12/2019,8012.34,8009.97,8012.34,7962.72,96.77K,0.04%
11/11/2019,8009.38,8055.24,8059.58,8002.77,105.42K,-0.70%
11/08/2019,8065.76,8044.90,8065.76,7989.48,245.31K,-0.10%
11/07/2019,8073.81,8083.04,8083.04,8020.91,92.70K,0.60%
11/06/2019,8025.88,8216.92,8216.92,8025.88,153.71K,-2.32%
11/05/2019,8216.68,8055.88,8216.68,8055.56,133.34K,1.95%
11/04/2019,8059.65,8002.47,8059.82,8002.47,109.17K,1.03%
10/31/2019,7977.12,8020.43,8020.68,7967.54,133.68K,-0.54%
10/30/2019,8020.06,8020.77,8020.77,7965.77,104.26K,0.36%
10/29/2019,7991.19,7947.56,7991.19,7928.73,141.75K,0.56%
10/28/2019,7946.53,7935.01,7954.71,7912.87,87.99K,0.30%
10/25/2019,7922.50,7985.52,7985.52,7917.16,170.34K,-0.36%
10/24/2019,7950.98,7927.60,7968.14,7914.58,86.55K,0.22%
10/23/2019,7933.76,7929.09,7933.76,7890.65,74.33K,-0.27%
10/22/2019,7955.24,7884.99,7955.24,7884.02,106.00K,0.81%
10/21/2019,7891.13,7874.80,7891.95,7849.79,61.59K,0.07%
10/18/2019,7885.23,7934.09,7934.09,7885.23,122.62K,-0.57%
10/17/2019,7930.55,7913.55,7930.55,7894.58,77.56K,0.19%
10/16/2019,7915.30,7838.83,7915.30,7814.47,169.38K,0.96%
10/15/2019,7840.31,7887.46,7887.46,7816.08,153.20K,-0.56%
10/14/2019,7884.29,7854.04,7908.34,7853.92,119.82K,0.44%
10/11/2019,7849.94,7766.72,7874.16,7749.55,78.79K,1.09%
10/10/2019,7765.03,7711.22,7765.03,7706.78,97.20K,1.09%
10/09/2019,7681.25,7742.46,7742.46,7676.47,66.04K,-0.97%
10/08/2019,7756.72,7706.77,7792.55,7691.05,167.36K,0.96%
10/07/2019,7683.22,7697.42,7715.85,7655.46,88.83K,-0.28%
10/04/2019,7704.60,7570.43,7704.60,7570.43,137.06K,2.11%
10/03/2019,7545.55,7587.69,7587.69,7514.05,116.77K,-0.86%
10/02/2019,7610.68,7721.56,7721.56,7610.68,136.65K,-1.67%
10/01/2019,7739.86,7785.24,7792.58,7710.55,119.39K,-0.50%
09/30/2019,7779.07,7825.20,7825.20,7775.51,156.94K,-0.51%
09/27/2019,7819.22,7908.39,7908.39,7808.19,167.33K,-0.98%
09/26/2019,7896.48,7893.67,7905.74,7865.10,92.46K,0.00%
09/25/2019,7896.24,7890.00,7896.24,7790.29,109.75K,0.03%
09/24/2019,7893.94,7865.38,7893.94,7850.27,171.66K,0.34%
09/23/2019,7867.51,7872.12,7877.44,7823.13,88.40K,-0.05%
09/20/2019,7871.11,7902.33,7906.25,7864.11,168.89K,-0.51%
09/19/2019,7911.32,7911.88,7919.85,7885.18,62.61K,-0.05%
09/18/2019,7915.29,7932.69,7932.69,7892.95,76.24K,-0.21%
09/17/2019,7932.23,7969.67,7969.67,7910.25,76.71K,-0.81%
09/16/2019,7996.90,7981.61,7996.90,7911.69,85.70K,0.06%
09/13/2019,7992.32,7950.16,7995.13,7941.53,92.76K,0.60%
09/12/2019,7944.43,7947.25,7960.24,7937.99,110.12K,-0.29%
09/11/2019,7967.90,7931.38,7967.90,7921.59,107.45K,0.48%
09/10/2019,7929.48,7933.22,7938.33,7893.74,77.71K,-0.38%
09/09/2019,7960.12,7952.88,7961.01,7927.89,52.75K,0.34%
09/06/2019,7933.47,7915.62,7969.34,7915.62,104.93K,0.45%
09/05/2019,7898.19,7861.83,7916.96,7854.16,230.76K,0.73%
09/04/2019,7840.86,7838.77,7852.16,7794.58,101.24K,0.46%
09/03/2019,7804.71,7914.92,7920.91,7804.71,105.55K,-1.44%
09/02/2019,7918.53,7954.15,7956.68,7918.53,88.80K,-0.77%
08/30/2019,7979.66,7918.44,7986.26,7903.01,235.79K,1.10%
08/29/2019,7892.81,7851.26,7892.81,7800.97,132.33K,0.58%
08/28/2019,7847.50,7762.58,7847.50,7734.42,180.19K,1.29%
08/27/2019,7747.38,7832.42,7832.42,7723.94,282.70K,-1.80%
08/23/2019,7889.41,7806.05,7889.41,7747.39,159.38K,0.52%
08/22/2019,7848.83,7842.09,7848.83,7755.42,267.97K,-0.48%
08/20/2019,7886.91,7917.59,7917.59,7845.15,123.61K,-0.65%
08/19/2019,7938.35,7813.92,7938.35,7765.15,214.01K,1.83%
08/16/2019,7795.98,7802.56,7885.94,7777.07,167.32K,-0.42%
08/15/2019,7828.86,7719.02,7828.86,7624.20,198.03K,-0.38%
08/14/2019,7858.65,7775.84,7892.43,7751.19,149.69K,0.90%
08/13/2019,7788.45,7849.43,7850.87,7622.27,235.49K,-0.84%
08/09/2019,7854.39,7918.54,7941.96,7854.39,104.30K,-0.76%
08/08/2019,7914.16,7931.91,7959.34,7910.46,140.30K,-0.04%
08/07/2019,7917.39,7792.31,7917.39,7792.31,99.01K,1.94%
08/06/2019,7766.75,7832.69,7832.69,7720.02,168.65K,-1.56%
08/05/2019,7890.02,8102.00,8102.00,7890.02,128.73K,-2.95%
08/02/2019,8129.93,8083.32,8129.93,8006.55,77.49K,0.39%
08/01/2019,8098.16,8035.75,8098.16,7975.53,93.57K,0.65%
07/31/2019,8045.80,8142.16,8142.16,8023.45,108.26K,-1.28%
07/30/2019,8150.46,8176.60,8176.60,8120.72,122.55K,-0.46%
07/29/2019,8188.52,8190.02,8205.15,8116.06,56.34K,0.06%
07/26/2019,8183.99,8210.52,8235.46,8177.04,77.79K,-1.07%
07/25/2019,8272.18,8169.92,8272.18,8115.44,99.25K,1.36%
07/24/2019,8161.49,8217.64,8243.83,8161.49,74.75K,-1.09%
07/23/2019,8251.46,8247.93,8264.89,8226.23,95.45K,0.06%
07/22/2019,8246.83,8163.00,8246.83,8163.00,78.99K,-0.28%
07/19/2019,8270.07,8280.23,8311.92,8264.56,114.02K,0.15%
07/18/2019,8258.05,8241.59,8300.49,8241.59,72.29K,0.30%
07/17/2019,8233.48,8286.86,8311.68,8232.10,87.30K,-0.36%
07/16/2019,8263.57,8354.84,8419.59,8263.57,185.34K,-1.22%
07/15/2019,8365.29,8153.88,8365.29,8153.88,143.72K,2.74%
07/12/2019,8141.82,8159.63,8197.52,8141.82,146.64K,-0.16%
07/11/2019,8154.49,8098.37,8154.49,8083.22,92.55K,0.94%
07/10/2019,8078.21,8051.45,8078.21,8020.87,89.54K,0.45%
07/09/2019,8042.04,8045.12,8053.62,8010.69,92.06K,-0.12%
07/08/2019,8051.52,8108.25,8108.54,8051.52,84.91K,-0.82%
07/05/2019,8117.94,8072.21,8125.16,8072.21,87.42K,0.66%
07/04/2019,8064.92,8096.28,8112.84,8064.92,71.96K,-0.34%
07/03/2019,8092.68,8100.35,8122.39,8092.26,104.36K,-0.01%
07/02/2019,8093.60,8038.22,8093.60,8022.52,122.67K,0.62%
07/01/2019,8043.71,8011.47,8043.71,7993.66,77.50K,0.55%
06/28/2019,7999.71,8032.30,8042.22,7951.34,125.84K,-0.72%
06/27/2019,8057.64,8003.37,8057.64,8003.22,108.04K,0.55%
06/26/2019,8013.57,8025.04,8051.59,7983.14,117.90K,-0.26%
06/25/2019,8034.09,8074.15,8100.08,8034.09,108.34K,-0.33%
06/24/2019,8060.58,8067.58,8103.91,8060.58,104.36K,0.06%
06/21/2019,8055.47,8032.86,8055.47,7999.02,226.00K,0.41%
06/20/2019,8022.42,7984.80,8022.42,7952.86,113.30K,0.07%
06/19/2019,8017.01,7941.49,8017.01,7937.96,86.84K,1.20%
06/18/2019,7922.04,7898.44,7935.14,7875.50,76.22K,0.16%
06/17/2019,7908.99,7991.78,7991.78,7908.99,61.31K,-1.02%
06/14/2019,7990.20,8058.21,8058.21,7944.82,99.29K,-0.76%
06/13/2019,8051.76,8032.22,8051.76,7953.28,116.88K,0.26%
06/11/2019,8030.98,8045.98,8108.26,8030.98,109.44K,-0.18%
06/10/2019,8045.39,7981.59,8055.05,7967.24,92.98K,0.77%
06/07/2019,7983.98,7955.80,7983.98,7921.80,62.25K,0.30%
06/06/2019,7959.86,7980.39,7980.39,7937.73,123.65K,0.18%
06/04/2019,7945.37,8075.78,8083.37,7945.37,108.16K,-1.73%
06/03/2019,8084.88,7963.33,8139.74,7951.87,171.65K,1.44%
05/31/2019,7970.02,7872.77,7970.02,7872.77,153.17K,1.70%
05/30/2019,7836.55,7810.56,7908.50,7809.11,164.21K,0.50%
05/29/2019,7797.75,7778.48,7816.38,7778.48,99.81K,0.47%
05/28/2019,7761.29,7728.39,7784.66,7702.90,361.83K,0.47%
05/27/2019,7725.01,7718.80,7742.45,7693.94,72.06K,-0.29%
05/24/2019,7747.09,7770.63,7770.63,7664.52,88.45K,-0.73%
05/23/2019,7804.03,7807.50,7821.89,7764.11,84.81K,-0.14%
05/22/2019,7815.07,7731.03,7838.55,7725.43,115.02K,1.21%
05/21/2019,7721.56,7662.48,7740.88,7639.59,99.52K,0.80%
05/20/2019,7660.14,7586.95,7660.14,7533.95,86.38K,1.01%
05/17/2019,7583.82,7482.47,7636.91,7482.47,138.64K,1.45%
05/16/2019,7475.16,7559.95,7586.12,7475.16,184.19K,-1.34%
05/15/2019,7576.71,7671.16,7711.19,7576.71,119.56K,-0.91%
05/14/2019,7646.66,7718.31,7718.31,7577.72,187.69K,-1.23%
05/10/2019,7742.20,7755.94,7841.65,7719.43,120.81K,-0.17%
05/09/2019,7755.62,7857.75,7864.02,7755.62,173.41K,-2.16%
05/08/2019,7926.69,7902.64,7926.69,7754.95,148.32K,0.20%
05/07/2019,7910.63,7871.51,7922.05,7861.34,84.47K,0.61%
05/06/2019,7862.30,7972.86,7974.36,7851.16,125.47K,-1.33%
05/03/2019,7967.98,8004.27,8077.51,7967.98,174.13K,-0.42%
05/02/2019,8001.57,7952.52,8040.78,7946.79,135.02K,0.61%
04/30/2019,7952.72,7891.57,7952.72,7888.87,109.87K,0.71%
04/29/2019,7897.02,7861.22,7897.02,7846.33,,0.37%
04/26/2019,7868.28,7892.90,7899.57,7839.52,108.07K,-0.33%
04/25/2019,7894.45,7848.45,7894.45,7831.62,137.32K,0.60%
04/24/2019,7846.99,7799.06,7846.99,7799.06,171.81K,0.36%
04/23/2019,7818.93,7827.03,7834.78,7769.72,93.64K,-0.17%
04/22/2019,7832.43,7840.23,7858.84,7818.04,86.81K,-0.03%
04/17/2019,7835.15,7832.71,7860.74,7823.86,133.85K,0.11%
04/16/2019,7826.46,7800.06,7859.72,7799.13,168.56K,0.49%
04/15/2019,7787.98,7887.78,7914.75,7787.98,115.45K,-1.18%
04/12/2019,7880.82,7970.96,7979.53,7880.82,96.39K,-0.94%
04/11/2019,7955.80,7990.71,7999.52,7955.80,107.65K,-0.66%
04/10/2019,8008.53,7976.44,8008.53,7953.14,177.90K,1.17%
04/08/2019,7915.63,7879.47,7955.27,7879.47,136.68K,0.54%
04/05/2019,7873.18,7866.41,7886.63,7866.41,99.70K,0.24%
04/04/2019,7854.13,7892.62,7897.61,7835.74,132.57K,-0.52%
04/03/2019,7895.06,7880.48,7895.06,7860.51,76.71K,0.20%
04/02/2019,7879.21,7854.35,7893.50,7854.35,96.44K,0.50%
04/01/2019,7840.31,7923.16,7923.83,7809.61,93.68K,-1.02%
03/29/2019,7920.93,7891.09,7920.93,7887.47,133.11K,0.57%
03/28/2019,7876.40,7897.72,7898.47,7856.09,90.61K,0.20%
03/27/2019,7861.05,7915.91,7915.91,7840.64,86.10K,-0.58%
03/26/2019,7907.03,7875.30,7910.69,7869.43,78.58K,0.56%
03/25/2019,7863.02,7994.34,7994.34,7808.32,89.76K,-1.88%
03/22/2019,8013.42,7956.67,8032.40,7951.06,171.64K,0.74%
03/21/2019,7954.72,7875.78,7954.72,7869.31,138.21K,1.23%
03/20/2019,7858.20,7848.16,7875.62,7823.60,90.48K,0.19%
03/19/2019,7843.41,7863.70,7878.80,7843.41,101.67K,-0.38%
03/18/2019,7873.02,7794.58,7873.02,7760.51,86.08K,0.96%
03/15/2019,7798.28,7748.07,7798.28,7701.74,351.32K,0.62%
03/14/2019,7750.42,7741.78,7763.97,7718.77,113.34K,-0.20%
03/13/2019,7766.15,7725.62,7766.15,7724.79,88.02K,0.24%
03/12/2019,7747.54,7728.22,7773.61,7728.22,92.16K,0.50%
03/11/2019,7708.72,7815.28,7823.80,7708.72,131.47K,-1.13%
03/08/2019,7797.11,7868.50,7884.46,7797.11,79.71K,-1.07%
03/07/2019,7881.79,7806.50,7881.79,7795.21,147.49K,0.77%
03/06/2019,7821.34,7674.56,7821.34,7674.56,174.82K,1.96%
03/05/2019,7670.62,7700.38,7734.71,7667.14,112.94K,-0.06%
03/04/2019,7675.47,7631.90,7698.44,7595.92,93.14K,0.44%
03/01/2019,7641.77,7711.70,7754.45,7587.99,148.72K,-0.83%
02/28/2019,7705.49,7919.99,7919.99,7705.49,199.67K,-2.33%
02/27/2019,7889.12,7962.10,7972.69,7877.63,103.09K,-1.24%
02/26/2019,7988.16,7996.15,7996.15,7945.03,121.76K,0.33%
02/22/2019,7962.13,7940.29,7962.13,7894.56,75.85K,0.39%
02/21/2019,7931.30,7946.66,7946.66,7892.58,106.10K,-0.10%
02/20/2019,7939.24,7849.08,7944.59,7848.47,116.09K,1.35%
02/19/2019,7833.75,7923.36,7938.79,7830.63,143.59K,-0.97%
02/18/2019,7910.58,7924.60,7964.05,7910.58,95.64K,0.02%
02/15/2019,7908.89,7965.17,7999.84,7908.89,157.77K,-1.03%
02/14/2019,7991.25,7960.19,7996.21,7920.62,94.51K,0.90%
02/13/2019,7920.24,8040.34,8040.43,7889.46,99.56K,-1.12%
02/12/2019,8009.92,8076.60,8083.53,7984.42,102.27K,-0.64%
02/11/2019,8061.54,8088.34,8105.58,8061.54,98.24K,-0.12%
02/08/2019,8070.89,8091.70,8096.47,8035.84,111.94K,-0.36%
02/07/2019,8100.30,8093.17,8127.08,8087.73,86.74K,0.52%
02/06/2019,8058.45,8091.45,8213.71,8058.45,91.05K,-0.14%
02/04/2019,8069.48,8131.55,8148.88,8068.74,48.07K,-0.92%
02/01/2019,8144.16,8038.65,8165.66,8038.65,110.51K,1.71%
01/31/2019,8007.48,7999.41,8099.23,7999.41,139.25K,0.34%
01/30/2019,7979.95,8038.77,8046.95,7912.16,125.35K,-0.88%
01/29/2019,8050.82,8086.93,8087.39,8014.94,126.73K,-0.04%
01/28/2019,8053.92,8071.12,8143.61,8042.20,108.78K,0.01%
01/25/2019,8053.20,8075.66,8116.23,8038.94,78.77K,-0.15%
01/24/2019,8064.90,8000.65,8068.48,8000.65,107.88K,0.94%
01/23/2019,7989.65,7941.05,7989.65,7901.64,110.83K,-0.24%
01/22/2019,8008.67,8023.84,8029.80,7979.14,121.80K,0.02%
01/21/2019,8007.46,8055.48,8067.08,7964.06,109.11K,-0.49%
01/18/2019,8047.12,7932.11,8057.57,7919.50,174.37K,1.51%
01/17/2019,7927.20,7866.42,7937.98,7865.13,216.71K,0.79%
01/16/2019,7864.70,7983.46,7990.65,7848.70,130.16K,-1.86%
01/15/2019,8013.42,8009.08,8027.92,7976.43,143.93K,-0.13%
01/14/2019,8024.14,7886.40,8024.14,7818.95,135.68K,1.52%
01/11/2019,7904.09,7965.44,7965.44,7855.69,142.71K,-1.02%
01/10/2019,7985.23,7931.87,7992.33,7898.63,183.79K,0.83%
01/09/2019,7919.67,7775.21,7919.67,7765.91,172.18K,2.82%
01/08/2019,7702.12,7820.26,7826.08,7702.12,130.54K,-1.10%
01/07/2019,7787.66,7800.88,7900.70,7787.66,178.61K,0.34%
01/04/2019,7761.11,7657.18,7801.50,7657.18,165.43K,1.05%
01/03/2019,7680.60,7507.48,7680.60,7490.28,149.81K,2.56%
01/02/2019,7489.20,7496.57,7540.26,7465.76,52.92K,0.31%
12/28/2018,7466.02,7497.16,7507.29,7466.02,84.87K,-0.22%
12/27/2018,7482.66,7465.04,7514.33,7447.22,72.00K,0.44%
12/26/2018,7450.01,7436.73,7453.22,7378.88,49.09K,-0.40%
12/21/2018,7479.71,7536.87,7548.13,7452.24,127.30K,-1.11%
12/20/2018,7563.41,7514.07,7584.44,7498.19,99.26K,-0.21%
12/19/2018,7579.62,7412.28,7579.62,7406.53,100.88K,2.15%
12/18/2018,7420.40,7478.36,7482.21,7397.23,115.23K,-1.33%
12/17/2018,7520.40,7501.27,7538.14,7490.56,109.72K,-0.05%
12/14/2018,7524.37,7506.40,7559.27,7503.09,132.79K,0.02%
12/13/2018,7522.92,7514.35,7556.24,7513.56,115.61K,0.46%
12/12/2018,7488.24,7455.98,7488.24,7425.66,145.92K,0.50%
12/11/2018,7451.08,7386.11,7451.08,7379.05,85.73K,1.40%
12/10/2018,7348.21,7445.51,7445.51,7348.21,66.09K,-1.51%
12/07/2018,7461.06,7529.95,7538.19,7449.95,90.97K,-0.99%
12/06/2018,7535.32,7633.92,7637.18,7535.32,127.13K,-1.25%
12/05/2018,7630.90,7579.96,7634.09,7550.96,182.16K,-0.95%
12/04/2018,7703.92,7537.41,7703.92,7522.97,221.22K,2.27%
12/03/2018,7532.90,7468.62,7539.67,7468.62,230.77K,2.24%
11/29/2018,7367.85,7409.35,7482.35,7367.85,355.13K,-0.20%
11/28/2018,7382.43,7420.26,7423.78,7350.28,151.93K,-0.42%
11/27/2018,7413.63,7399.89,7413.63,7349.72,100.04K,0.21%
11/26/2018,7397.87,7352.29,7428.29,7332.43,100.66K,0.79%
11/23/2018,7340.18,7277.92,7348.14,7264.37,90.00K,0.99%
11/22/2018,7268.38,7260.81,7278.88,7228.35,74.86K,0.04%
11/21/2018,7265.45,7262.24,7267.13,7202.94,97.65K,-0.51%
11/20/2018,7302.94,7234.81,7311.54,7171.80,111.95K,0.45%
11/19/2018,7270.26,7105.81,7270.26,7099.68,169.19K,2.64%
11/16/2018,7083.34,7009.08,7121.85,7009.08,167.72K,1.88%
11/15/2018,6952.59,6912.19,6971.63,6898.55,85.20K,0.43%
11/14/2018,6923.08,6867.33,6932.40,6861.09,95.92K,1.16%
11/13/2018,6843.83,6912.14,6913.51,6820.22,156.95K,-1.19%
11/12/2018,6926.20,6967.65,6967.65,6917.54,120.85K,-0.61%
11/09/2018,6968.82,7039.39,7039.39,6941.99,87.36K,-0.95%
11/08/2018,7035.71,7025.08,7036.50,6946.83,111.66K,0.03%
11/07/2018,7033.93,7181.26,7185.61,6994.26,98.81K,-2.04%
11/06/2018,7180.11,7213.21,7276.54,7162.17,96.52K,-0.46%
11/05/2018,7213.44,7204.13,7242.99,7189.63,145.07K,1.02%
10/31/2018,7140.29,7032.63,7140.29,7032.63,155.34K,1.77%
10/30/2018,7016.06,7093.75,7097.39,7016.06,48.50K,-1.31%
10/29/2018,7109.03,7054.65,7109.03,7046.11,52.86K,0.63%
10/26/2018,7064.33,6987.80,7065.38,6979.07,61.14K,1.40%
10/25/2018,6966.84,7086.17,7086.17,6941.10,111.61K,-2.28%
10/24/2018,7129.42,7185.83,7186.32,7129.42,80.34K,-0.95%
10/23/2018,7197.62,7262.71,7265.11,7159.72,68.10K,-0.53%
10/22/2018,7236.16,7144.98,7251.08,7124.70,81.83K,1.18%
10/19/2018,7151.52,7122.50,7162.68,7086.57,90.84K,0.14%
10/18/2018,7141.25,7095.89,7141.25,7060.84,49.17K,0.59%
10/17/2018,7099.68,7015.55,7140.08,7015.55,102.67K,1.61%
10/16/2018,6987.02,6936.17,6987.02,6894.29,84.98K,0.87%
10/15/2018,6926.51,7035.97,7063.38,6926.51,74.53K,-1.12%
10/12/2018,7004.77,6872.89,7004.77,6847.86,89.66K,1.75%
10/11/2018,6884.38,6934.76,6934.76,6790.58,99.35K,-1.67%
10/10/2018,7001.14,7092.80,7092.80,6960.43,89.02K,-0.82%
10/09/2018,7059.38,7063.91,7066.11,7016.48,61.61K,0.12%
10/08/2018,7050.82,7079.88,7123.29,7050.82,57.95K,-0.39%
10/05/2018,7078.20,7093.92,7102.33,7072.28,61.39K,-0.21%
10/04/2018,7093.34,7190.83,7194.06,7093.34,62.01K,-1.63%
10/03/2018,7210.87,7129.40,7210.87,7095.26,58.03K,1.10%
10/02/2018,7132.36,7237.41,7237.41,7093.92,104.53K,-1.24%
10/01/2018,7222.08,7256.54,7261.40,7176.20,65.29K,-0.75%
09/28/2018,7276.82,7313.67,7375.52,7276.82,106.38K,-0.60%
09/27/2018,7320.59,7272.44,7320.59,7215.67,81.30K,0.72%
09/26/2018,7268.21,7342.61,7342.61,7205.04,140.45K,-0.87%
09/25/2018,7332.17,7426.66,7426.66,7331.75,58.96K,-1.36%
09/24/2018,7433.61,7361.58,7433.61,7361.58,69.75K,0.69%
09/21/2018,7383.00,7184.57,7383.00,7180.00,200.29K,3.48%
09/20/2018,7134.73,7256.53,7259.76,7134.73,93.25K,-1.20%
09/19/2018,7221.23,7285.57,7337.68,7203.36,103.64K,-0.89%
09/18/2018,7286.34,7411.77,7418.54,7273.98,99.72K,-1.72%
09/17/2018,7413.56,7424.88,7433.69,7399.19,55.31K,0.01%
09/14/2018,7413.15,7508.34,7517.63,7413.15,91.03K,-1.39%
09/13/2018,7517.37,7473.40,7517.37,7452.81,89.73K,0.92%
09/12/2018,7449.20,7505.20,7534.23,7449.20,91.63K,-0.92%
09/11/2018,7518.01,7582.81,7582.81,7492.40,79.84K,-1.03%
09/10/2018,7596.15,7591.51,7605.57,7466.27,115.00K,-0.03%
09/07/2018,7598.64,7597.42,7620.88,7526.73,115.47K,-0.52%
09/06/2018,7638.71,7715.14,7715.14,7552.24,124.87K,-1.46%
09/05/2018,7752.27,7859.76,7861.40,7699.02,123.86K,-1.64%
09/04/2018,7881.82,7842.68,7881.82,7828.38,92.54K,0.63%
09/03/2018,7832.22,7879.00,7879.00,7820.92,152.40K,-0.30%
08/31/2018,7855.71,7838.06,7855.71,7776.85,180.13K,0.03%
08/30/2018,7853.16,7818.27,7875.16,7818.27,155.65K,0.28%
08/29/2018,7830.96,7803.04,7831.34,7773.07,164.56K,-0.17%
08/28/2018,7844.61,7769.81,7861.60,7769.81,127.19K,1.01%
08/24/2018,7766.47,7775.52,7783.29,7718.17,135.06K,-0.48%
08/23/2018,7804.03,7623.77,7804.03,7623.77,125.26K,2.25%
08/22/2018,7632.26,7551.65,7632.26,7529.64,75.66K,1.76%
08/20/2018,7500.53,7592.17,7606.81,7500.53,44.87K,-1.09%
08/17/2018,7583.52,7529.96,7617.49,7529.96,97.38K,0.88%
08/16/2018,7517.36,7534.57,7541.92,7478.94,77.97K,-0.31%
08/15/2018,7540.92,7520.99,7566.62,7513.44,56.10K,0.17%
08/14/2018,7527.78,7623.11,7623.11,7508.83,79.68K,-1.41%
08/13/2018,7635.27,7782.11,7782.11,7634.60,80.86K,-2.17%
08/10/2018,7804.98,7804.02,7840.63,7781.82,101.34K,-0.20%
08/09/2018,7820.71,7856.70,7879.27,7751.42,148.34K,-0.39%
08/08/2018,7851.46,7737.49,7851.46,7737.49,130.49K,1.63%
08/07/2018,7725.85,7813.38,7814.89,7725.85,87.59K,-1.17%
08/06/2018,7817.31,7809.38,7843.59,7784.05,81.45K,-0.03%
08/03/2018,7819.39,7763.49,7819.39,7709.86,102.64K,0.77%
08/02/2018,7759.55,7824.52,7824.52,7746.09,95.53K,-1.00%
08/01/2018,7838.22,7664.99,7838.22,7655.30,141.75K,2.17%
07/31/2018,7672.00,7730.09,7742.85,7623.77,158.11K,-1.30%
07/30/2018,7773.32,7693.45,7773.32,7683.10,99.19K,0.93%
07/27/2018,7701.38,7661.66,7701.38,7586.34,137.03K,0.46%
07/26/2018,7665.85,7557.86,7665.85,7557.86,165.59K,2.02%
07/25/2018,7514.00,7438.85,7620.39,7438.85,153.69K,0.90%
07/24/2018,7447.02,7362.98,7447.02,7362.98,92.35K,0.95%
07/23/2018,7376.80,7388.50,7408.16,7368.52,87.35K,-0.31%
07/20/2018,7399.61,7390.57,7411.45,7327.35,90.14K,0.16%
07/19/2018,7387.87,7443.94,7459.14,7365.69,71.82K,-0.85%
07/18/2018,7451.37,7381.74,7451.37,7379.97,60.96K,0.94%
07/17/2018,7381.68,7375.10,7385.95,7346.78,52.91K,0.17%
07/16/2018,7369.44,7388.98,7390.00,7334.88,48.80K,-0.40%
07/13/2018,7399.18,7372.48,7405.42,7366.50,76.32K,0.66%
07/12/2018,7350.58,7328.04,7370.46,7307.60,93.82K,0.23%
07/11/2018,7333.73,7245.73,7333.73,7239.11,78.57K,1.39%
07/10/2018,7233.29,7218.25,7233.29,7192.58,77.74K,0.65%
07/09/2018,7186.62,7196.83,7214.57,7162.64,73.63K,0.00%
07/06/2018,7186.71,7225.95,7225.95,7143.57,71.11K,-0.65%
07/05/2018,7233.57,7306.01,7306.01,7225.07,97.30K,-1.56%
07/04/2018,7348.42,7272.03,7348.42,7227.29,102.22K,1.12%
07/03/2018,7267.34,7223.04,7267.34,7194.55,70.26K,0.54%
07/02/2018,7227.96,7184.62,7261.29,7160.83,104.02K,0.48%
06/29/2018,7193.68,7061.48,7193.68,7061.48,136.54K,1.80%
06/28/2018,7066.57,7128.51,7128.51,7055.63,93.00K,-1.53%
06/27/2018,7176.43,6997.99,7176.43,6984.14,123.29K,2.41%
06/26/2018,7007.21,7014.05,7021.26,6929.86,115.41K,0.29%
06/25/2018,6986.88,7240.06,7240.06,6986.88,121.76K,-1.08%
06/22/2018,7063.20,7092.04,7132.71,6923.67,175.30K,-0.49%
06/21/2018,7098.15,7262.73,7271.21,7092.16,147.42K,-2.25%
06/20/2018,7261.62,7316.29,7349.74,7261.01,116.21K,-0.70%
06/19/2018,7312.61,7347.44,7348.23,7253.12,124.24K,-1.37%
06/18/2018,7414.11,7403.93,7414.11,7328.30,137.55K,-1.53%
06/14/2018,7529.54,7553.80,7561.44,7479.57,280.51K,-0.97%
06/13/2018,7602.98,7722.43,7723.85,7553.74,124.82K,-2.17%
06/11/2018,7771.30,7738.28,7779.26,7699.67,60.73K,0.39%
06/08/2018,7740.74,7803.35,7803.35,7718.33,82.46K,-0.80%
06/07/2018,7803.31,7693.30,7814.88,7687.94,157.56K,1.48%
06/06/2018,7689.14,7666.77,7702.33,7654.13,105.62K,0.04%
06/05/2018,7685.76,7594.55,7685.76,7550.64,133.33K,1.40%
06/04/2018,7579.61,7619.38,7620.13,7551.89,77.62K,-0.66%
06/01/2018,7630.26,7499.90,7630.26,7487.37,113.34K,1.78%
05/31/2018,7497.17,7496.11,7537.63,7457.05,387.82K,0.36%
05/30/2018,7470.14,7575.38,7575.38,7461.73,115.66K,-1.74%
05/29/2018,7602.36,7662.37,7662.37,7585.16,94.26K,-0.53%
05/28/2018,7642.90,7669.96,7669.96,7598.13,76.89K,-0.06%
05/25/2018,7647.51,7673.82,7674.29,7605.98,80.10K,-0.07%
05/24/2018,7652.53,7573.67,7652.53,7555.45,72.44K,1.22%
05/23/2018,7560.47,7673.62,7673.62,7517.56,102.14K,-1.12%
05/22/2018,7646.20,7698.23,7698.65,7633.52,83.42K,-0.15%
05/21/2018,7658.05,7693.22,7715.66,7658.05,68.85K,-0.19%
05/18/2018,7672.28,7742.39,7742.39,7639.15,82.27K,-0.28%
05/17/2018,7694.12,7855.90,7855.90,7694.12,134.75K,-2.23%
05/16/2018,7869.56,7869.48,7869.56,7751.33,159.99K,-0.21%
05/15/2018,7885.97,7771.90,7906.45,7765.46,163.63K,1.73%
05/11/2018,7752.11,7625.10,7760.26,7625.10,118.70K,2.39%
05/10/2018,7571.00,7547.46,7630.29,7531.66,98.27K,0.21%
05/09/2018,7555.27,7587.68,7590.80,7535.93,108.03K,-0.29%
05/08/2018,7577.57,7544.10,7615.22,7543.35,108.82K,0.59%
05/07/2018,7533.28,7578.80,7581.72,7517.09,60.64K,-0.17%
05/04/2018,7546.19,7541.00,7558.31,7499.26,94.48K,0.15%
05/03/2018,7535.10,7792.41,7792.41,7535.10,144.84K,-2.60%
05/02/2018,7736.07,7791.63,7856.50,7736.07,101.85K,-1.06%
04/30/2018,7819.25,7726.96,7822.84,7726.27,135.55K,1.27%
04/27/2018,7721.02,7631.44,7721.02,7604.54,129.38K,1.36%
04/26/2018,7617.42,7544.02,7617.42,7529.13,81.79K,0.79%
04/25/2018,7557.91,7595.49,7636.57,7526.30,112.22K,-0.56%
04/24/2018,7600.36,7704.18,7704.27,7600.36,104.16K,-1.54%
04/23/2018,7719.47,7736.09,7746.86,7663.53,96.68K,-0.09%
04/20/2018,7726.72,7698.08,7783.55,7691.93,119.10K,0.58%
04/19/2018,7682.24,7689.35,7756.40,7537.42,303.92K,-1.42%
04/18/2018,7793.13,7743.14,7828.85,7743.14,125.31K,0.90%
04/17/2018,7723.39,7861.72,7861.72,7691.79,128.36K,-1.87%
04/16/2018,7870.25,7928.99,7928.99,7845.47,83.35K,-0.38%
04/13/2018,7899.98,8031.23,8031.23,7899.98,127.00K,-1.78%
04/12/2018,8043.07,7962.66,8043.07,7951.09,85.63K,1.25%
04/11/2018,7943.93,7958.33,7990.98,7930.66,92.67K,0.12%
04/10/2018,7934.68,7946.45,7984.64,7890.31,119.55K,-0.14%
04/06/2018,7945.66,8018.77,8047.70,7901.79,76.65K,-0.95%
04/05/2018,8022.16,8035.64,8043.66,7988.37,59.46K,0.31%
04/04/2018,7997.67,8084.93,8084.93,7991.60,86.14K,-0.63%
04/03/2018,8048.72,7976.33,8071.68,7976.33,121.02K,0.12%
04/02/2018,8039.45,7993.63,8039.45,7944.86,61.92K,0.75%
03/28/2018,7979.83,8016.35,8056.22,7967.28,121.79K,-0.84%
03/27/2018,8047.03,7947.21,8047.03,7947.21,97.59K,1.45%
03/26/2018,7932.38,7948.05,7949.61,7834.11,87.67K,-0.48%
03/23/2018,7970.80,7980.66,7980.66,7923.65,105.20K,-1.89%
03/22/2018,8124.45,7934.83,8124.45,7928.75,130.46K,2.72%
03/21/2018,7909.07,8097.59,8097.59,7909.07,157.64K,-1.87%
03/20/2018,8059.60,8180.25,8180.25,8015.49,134.72K,-2.14%
03/19/2018,8235.54,8236.54,8240.13,8169.00,152.70K,-0.03%
03/16/2018,8238.15,8200.14,8258.09,8156.19,289.47K,0.59%
03/15/2018,8190.01,8322.10,8326.01,8190.01,110.94K,-1.90%
03/14/2018,8348.74,8430.03,8430.03,8284.76,101.22K,-0.84%
03/13/2018,8419.57,8454.09,8462.25,8397.96,96.03K,-0.40%
03/12/2018,8453.50,8442.25,8484.65,8425.93,136.12K,0.97%
03/09/2018,8372.51,8401.33,8409.75,8367.63,100.78K,-0.11%
03/08/2018,8381.85,8388.08,8389.74,8350.53,95.44K,-0.27%
03/07/2018,8404.69,8373.62,8404.69,8333.11,109.85K,0.53%
03/06/2018,8360.22,8388.02,8411.76,8344.84,142.96K,-0.31%
03/05/2018,8386.17,8434.67,8449.82,8350.53,61.36K,-0.86%
03/02/2018,8458.57,8414.94,8458.57,8337.69,86.43K,-0.09%
03/01/2018,8465.77,8471.22,8503.68,8429.75,103.06K,-0.11%
02/28/2018,8475.29,8538.53,8575.44,8475.29,157.80K,-1.36%
02/27/2018,8592.38,8507.68,8592.38,8507.45,147.01K,1.09%
02/26/2018,8499.98,8450.15,8499.98,8373.68,113.78K,0.38%
02/23/2018,8467.56,8520.73,8526.23,8465.79,114.55K,-0.56%
02/22/2018,8515.57,8598.50,8605.93,8472.89,136.83K,-1.14%
02/21/2018,8613.65,8677.51,8677.51,8613.50,149.14K,-1.25%
02/20/2018,8722.70,8727.16,8728.08,8637.77,126.92K,0.14%
02/19/2018,8710.22,8593.87,8757.83,8538.20,110.78K,1.14%
02/15/2018,8612.44,8603.71,8612.44,8505.86,179.69K,0.17%
02/14/2018,8598.11,8563.57,8598.11,8498.57,169.61K,0.33%
02/13/2018,8570.14,8514.06,8570.14,8476.46,125.57K,0.97%
02/12/2018,8487.91,8533.80,8554.51,8460.56,85.89K,-0.19%
02/09/2018,8503.69,8545.88,8546.02,8421.74,114.16K,-1.64%
02/08/2018,8645.08,8679.37,8679.37,8601.53,95.00K,-0.26%
02/07/2018,8667.56,8648.00,8700.56,8603.18,115.34K,1.37%
02/06/2018,8550.42,8475.08,8550.42,8379.83,150.03K,-0.76%
02/05/2018,8616.00,8680.59,8680.59,8555.55,152.49K,-2.21%
02/02/2018,8810.75,8746.86,8810.75,8746.86,146.97K,0.82%
02/01/2018,8738.72,8748.38,8818.10,8738.72,99.36K,-0.29%
01/31/2018,8764.01,8831.83,8831.83,8721.85,150.76K,-1.64%
01/30/2018,8910.48,9025.29,9025.29,8838.69,166.24K,-1.64%
01/29/2018,9058.62,9051.75,9078.37,9008.41,119.56K,0.19%
01/26/2018,9041.20,8995.61,9041.20,8945.32,116.74K,0.47%
01/25/2018,8999.17,8907.45,8999.17,8907.24,148.08K,0.88%
01/24/2018,8920.23,8992.37,8992.37,8898.21,96.37K,-0.88%
01/23/2018,8999.02,8952.81,8999.02,8916.07,112.60K,0.54%
01/22/2018,8950.62,8893.14,8975.12,8883.00,98.60K,0.39%
01/19/2018,8915.92,8824.72,8915.92,8802.78,124.47K,1.08%
01/18/2018,8820.74,8790.05,8822.40,8772.45,173.13K,-0.32%
01/17/2018,8848.99,8879.67,8902.27,8821.41,162.53K,-0.18%
01/16/2018,8865.13,8890.74,8969.18,8865.13,141.74K,0.08%
01/15/2018,8857.72,8844.35,8897.56,8809.53,147.11K,0.49%
01/12/2018,8814.62,8836.29,8868.56,8803.62,125.85K,0.02%
01/11/2018,8813.25,8908.64,8909.00,8745.63,141.64K,-1.20%
01/10/2018,8920.29,8914.25,8926.78,8877.98,96.73K,-0.04%
01/09/2018,8923.72,8758.96,8923.72,8755.40,116.13K,2.04%
01/08/2018,8745.12,8818.90,8820.53,8713.86,99.60K,-0.28%
01/05/2018,8770.00,8743.41,8858.07,8739.74,158.23K,0.35%
01/04/2018,8739.83,8710.00,8760.26,8690.34,124.75K,0.18%
01/03/2018,8724.13,8584.46,8724.13,8580.50,129.60K,1.94%
01/02/2018,8558.42,8562.86,8640.04,8535.10,170.54K,0.00%
12/29/2017,8558.42,8562.86,8640.04,8535.10,170.54K,0.27%
12/28/2017,8535.09,8474.99,8571.46,8468.19,106.54K,0.52%
12/27/2017,8490.91,8427.05,8490.91,8412.89,47.95K,0.69%
12/22/2017,8432.31,8377.92,8432.31,8364.42,47.02K,0.64%
12/21/2017,8378.28,8371.91,8378.28,8323.01,88.10K,0.19%
12/20/2017,8362.61,8376.32,8377.57,8343.99,57.72K,-0.04%
12/19/2017,8365.96,8422.09,8422.77,8348.88,88.31K,-0.68%
12/18/2017,8422.82,8345.97,8422.82,8345.32,68.25K,1.03%
12/15/2017,8337.04,8425.66,8425.66,8337.04,226.81K,-1.47%
12/14/2017,8461.06,8366.60,8461.06,8344.02,111.08K,1.21%
12/13/2017,8359.61,8341.81,8363.15,8321.59,77.58K,0.31%
12/12/2017,8334.06,8346.27,8362.28,8311.68,118.57K,-0.29%
12/11/2017,8358.57,8296.23,8358.57,8277.26,82.52K,0.65%
12/08/2017,8304.70,8176.21,8304.70,8167.60,119.25K,1.59%
12/07/2017,8174.93,8128.06,8174.93,8109.57,96.88K,0.56%
12/06/2017,8129.62,8157.60,8197.39,8119.37,122.96K,-0.19%
12/05/2017,8145.00,8093.63,8149.22,8085.44,114.59K,0.75%
12/04/2017,8084.45,8108.21,8126.97,8051.86,117.39K,-0.73%
12/01/2017,8144.02,8236.15,8236.15,8122.32,157.68K,-1.33%
11/29/2017,8254.03,8272.07,8304.38,8213.65,212.70K,-0.46%
11/28/2017,8291.88,8341.77,8341.77,8254.25,94.28K,-0.83%
11/27/2017,8361.69,8358.35,8361.69,8261.28,68.09K,-0.04%
11/24/2017,8365.11,8330.09,8365.11,8261.15,126.83K,0.26%
11/23/2017,8343.23,8291.86,8343.23,8278.51,52.65K,0.94%
11/22/2017,8265.68,8306.72,8346.92,8265.68,96.31K,-0.28%
11/21/2017,8289.19,8339.81,8340.63,8289.19,93.62K,-0.39%
11/20/2017,8321.98,8332.71,8371.95,8321.98,67.87K,0.13%
11/17/2017,8311.08,8274.89,8326.81,8262.90,104.62K,1.28%
11/16/2017,8206.44,8211.03,8332.94,8206.44,135.59K,-0.81%
11/15/2017,8273.44,8335.87,8348.52,8260.61,142.92K,-1.27%
11/14/2017,8379.64,8349.61,8379.64,8280.43,112.46K,0.60%
11/13/2017,8330.02,8460.62,8486.61,8330.02,95.95K,-1.23%
11/10/2017,8433.48,8548.07,8548.21,8433.48,104.23K,-1.01%
11/09/2017,8519.82,8515.40,8563.51,8506.77,131.31K,0.13%
11/08/2017,8508.49,8525.04,8532.45,8486.52,138.30K,-0.16%
11/07/2017,8521.81,8519.66,8543.41,8462.22,92.53K,-0.01%
11/06/2017,8523.07,8393.05,8523.07,8393.05,109.62K,1.75%
11/03/2017,8376.13,8544.02,8605.15,8376.13,168.24K,-1.64%
11/02/2017,8516.02,8342.98,8543.80,8321.65,157.75K,1.80%
10/30/2017,8365.26,8332.33,8365.26,8305.65,68.01K,0.84%
10/27/2017,8295.95,8260.60,8295.95,8209.88,74.18K,0.34%
10/26/2017,8267.92,8301.17,8313.48,8225.95,80.55K,-0.43%
10/25/2017,8303.35,8299.68,8327.76,8244.11,109.44K,0.28%
10/24/2017,8279.92,8351.03,8373.45,8279.92,90.74K,-0.82%
10/23/2017,8348.32,8429.89,8456.98,8342.20,97.51K,-0.86%
10/20/2017,8420.95,8465.64,8474.18,8415.90,80.55K,-0.78%
10/19/2017,8487.37,8441.36,8487.37,8375.09,88.13K,0.66%
10/18/2017,8431.73,8537.66,8548.58,8332.30,133.22K,-0.78%
10/17/2017,8497.74,8484.94,8586.73,8484.94,179.54K,0.59%
10/13/2017,8447.94,8422.22,8447.94,8399.84,136.34K,0.54%
10/12/2017,8402.81,8367.09,8406.36,8361.44,114.76K,0.53%
10/11/2017,8358.47,8418.33,8427.13,8353.11,161.37K,-0.47%
10/10/2017,8398.04,8354.88,8409.92,8340.17,81.75K,0.37%
10/09/2017,8367.38,8333.70,8367.38,8326.78,60.96K,0.68%
10/06/2017,8310.88,8332.56,8406.34,8297.02,113.03K,0.20%
10/05/2017,8294.01,8353.23,8355.63,8294.01,88.75K,-0.60%
10/04/2017,8344.05,8328.74,8377.79,8328.74,99.19K,0.37%
10/03/2017,8312.93,8261.29,8321.22,8261.29,115.83K,0.69%
10/02/2017,8256.28,8210.76,8257.83,8197.89,113.51K,1.04%
09/29/2017,8171.43,8151.58,8240.52,8151.58,176.86K,0.19%
09/28/2017,8156.04,8223.69,8223.69,8151.86,182.21K,-0.80%
09/27/2017,8221.92,8159.18,8221.92,8113.30,459.31K,0.63%
09/26/2017,8170.14,8230.56,8230.56,8119.59,392.33K,-0.90%
09/25/2017,8244.73,8247.41,8252.20,8195.45,140.27K,-0.44%
09/22/2017,8281.27,8297.94,8314.44,8275.45,100.65K,-0.07%
09/21/2017,8286.86,8239.22,8321.81,8237.83,197.02K,0.82%
09/20/2017,8219.32,8201.69,8250.00,8201.69,127.58K,0.69%
09/19/2017,8162.70,8299.81,8299.85,8162.70,204.15K,-1.58%
09/18/2017,8294.14,8185.24,8294.14,8155.94,157.35K,1.38%
09/15/2017,8180.85,8141.39,8180.85,8104.95,227.89K,0.44%
09/14/2017,8144.91,8073.24,8169.64,8071.76,202.64K,1.13%
09/13/2017,8053.88,8097.27,8103.68,8047.04,173.59K,0.06%
09/11/2017,8049.31,8036.93,8055.63,8012.55,99.34K,0.33%
09/08/2017,8022.75,8044.60,8048.51,8018.91,152.59K,0.00%
09/07/2017,8022.98,8003.83,8025.74,7994.83,157.69K,0.49%
09/06/2017,7983.97,8025.24,8027.22,7972.62,160.63K,-0.81%
09/05/2017,8049.35,8038.28,8049.35,7995.13,157.44K,0.18%
09/04/2017,8035.20,8014.49,8047.44,7980.86,149.20K,0.96%
08/31/2017,7958.57,7975.51,7976.30,7943.21,202.01K,0.02%
08/30/2017,7956.73,7978.80,7984.38,7912.43,106.13K,0.10%
08/29/2017,7948.39,8036.04,8036.04,7931.78,116.52K,-0.83%
08/25/2017,8015.14,8018.20,8031.50,8009.72,91.65K,0.13%
08/24/2017,8004.93,8023.40,8023.40,7978.86,78.24K,0.08%
08/23/2017,7998.75,8027.97,8028.90,7998.75,90.48K,-0.21%
08/22/2017,8015.93,8018.14,8026.31,7969.74,114.86K,-0.01%
08/18/2017,8016.73,8079.00,8079.00,8015.68,80.51K,-0.69%
08/17/2017,8072.75,8084.41,8105.01,8049.61,120.94K,0.33%
08/16/2017,8046.59,8015.69,8082.49,7996.01,157.42K,0.46%
08/15/2017,8009.41,8003.08,8009.41,7964.33,143.61K,0.59%
08/14/2017,7962.12,7954.89,7973.34,7951.57,108.71K,0.42%
08/11/2017,7928.43,7953.89,7953.89,7873.31,112.19K,-0.47%
08/10/2017,7966.25,8005.39,8008.01,7934.82,103.68K,-0.25%
08/09/2017,7985.83,8007.25,8011.59,7940.97,153.47K,-0.01%
08/08/2017,7986.51,8030.07,8039.05,7986.51,161.85K,-0.07%
08/07/2017,7992.27,7955.37,7992.27,7955.10,112.11K,0.75%
08/04/2017,7932.82,7918.91,7960.80,7918.03,258.51K,0.71%
08/03/2017,7876.66,7897.84,7946.31,7862.11,117.57K,0.05%
08/02/2017,7872.65,7936.89,8037.91,7872.65,159.22K,-0.43%
08/01/2017,7906.60,8015.68,8017.18,7906.60,167.18K,-1.39%
07/31/2017,8018.05,8068.66,8070.04,7953.47,180.74K,-0.66%
07/28/2017,8071.47,8075.72,8079.70,8046.76,119.15K,0.32%
07/27/2017,8045.78,8072.21,8106.74,8045.78,177.60K,0.10%
07/26/2017,8037.51,8007.70,8062.99,7998.14,225.27K,0.83%
07/25/2017,7971.72,7985.42,7999.00,7958.95,138.23K,0.11%
07/24/2017,7962.64,7985.04,7985.04,7949.41,93.16K,-0.34%
07/21/2017,7989.73,7917.26,7989.73,7849.26,137.22K,1.08%
07/20/2017,7904.34,7988.14,8001.59,7904.34,168.02K,-0.86%
07/19/2017,7972.90,7974.45,8005.31,7967.70,189.77K,0.25%
07/18/2017,7952.92,7941.37,7967.81,7941.37,138.19K,0.23%
07/17/2017,7934.50,7915.43,7955.01,7914.44,92.13K,0.62%
07/14/2017,7885.90,7952.87,7958.08,7875.52,127.19K,-0.64%
07/13/2017,7936.85,7963.73,7994.27,7911.83,180.78K,-0.02%
07/12/2017,7938.37,7872.63,7952.96,7872.63,238.32K,1.02%
07/11/2017,7858.14,7846.84,7863.66,7844.63,133.92K,0.26%
07/10/2017,7837.47,7889.47,7900.28,7837.47,112.79K,-0.66%
07/07/2017,7889.33,7887.69,7894.61,7880.13,144.05K,0.01%
07/06/2017,7888.31,7850.50,7892.71,7849.08,172.74K,0.50%
07/05/2017,7848.84,7848.03,7848.84,7821.37,104.65K,0.19%
07/04/2017,7833.96,7854.98,7858.90,7830.33,83.93K,-0.41%
07/03/2017,7866.52,7840.23,7866.52,7797.83,96.89K,0.30%
06/30/2017,7843.16,7774.91,7843.16,7734.52,215.74K,0.71%
06/29/2017,7788.06,7877.35,7877.69,7774.49,161.65K,-0.88%
06/28/2017,7857.18,7889.80,7894.33,7854.78,112.17K,-0.24%
06/27/2017,7876.37,7851.93,7890.63,7837.23,92.26K,0.80%
06/23/2017,7814.17,7872.59,7872.59,7799.89,94.45K,-0.56%
06/22/2017,7858.34,7886.59,7886.59,7831.82,167.49K,-0.36%
06/21/2017,7886.37,7921.88,7921.88,7851.97,111.13K,-0.40%
06/20/2017,7917.86,7944.84,7950.57,7917.86,103.26K,-0.33%
06/19/2017,7943.75,7900.72,7951.08,7900.72,100.04K,0.78%
06/16/2017,7882.22,7961.94,7961.94,7882.22,427.53K,-1.03%
06/15/2017,7964.49,7975.43,8028.22,7964.49,149.40K,-0.02%
06/14/2017,7966.01,7933.75,7966.01,7901.84,156.20K,0.61%
06/13/2017,7917.89,7995.98,7998.76,7900.11,208.58K,-0.91%
06/09/2017,7990.24,7961.46,8026.33,7956.71,153.61K,0.40%
06/08/2017,7958.63,8007.04,8046.63,7947.71,178.54K,-0.55%
06/07/2017,8002.32,7964.02,8018.25,7964.02,190.67K,0.62%
06/06/2017,7953.12,8019.20,8020.10,7953.12,147.04K,-0.60%
06/05/2017,8001.38,7954.62,8040.34,7954.62,144.05K,1.19%
06/02/2017,7907.66,7921.40,8002.32,7907.66,222.70K,-0.25%
06/01/2017,7927.49,7835.27,7936.03,7835.27,210.14K,1.15%
05/31/2017,7837.12,7855.98,7858.20,7816.61,469.15K,-0.30%
05/30/2017,7860.77,7891.75,7897.77,7850.47,153.43K,-0.32%
05/29/2017,7886.03,7866.48,7925.90,7866.40,173.00K,0.24%
05/26/2017,7867.49,7870.03,7885.42,7858.77,180.99K,-0.05%
05/25/2017,7871.65,7845.81,7873.86,7828.94,135.11K,0.43%
05/24/2017,7837.82,7788.11,7837.82,7761.61,126.35K,0.33%
05/23/2017,7812.14,7823.03,7848.14,7812.14,243.92K,0.07%
05/22/2017,7806.57,7795.29,7821.28,7795.29,192.69K,0.50%
05/19/2017,7767.62,7755.35,7767.62,7738.75,121.00K,0.13%
05/18/2017,7757.69,7797.52,7797.52,7718.96,145.67K,-0.88%
05/17/2017,7826.53,7805.57,7842.21,7803.09,164.85K,0.46%
05/16/2017,7791.07,7805.53,7840.68,7789.13,206.24K,0.23%
05/15/2017,7772.93,7818.02,7860.31,7772.93,151.80K,-0.55%
05/12/2017,7815.53,7797.84,7815.53,7724.37,174.64K,-0.01%
05/11/2017,7816.40,7798.81,7863.97,7773.17,211.07K,0.29%
05/10/2017,7794.17,7915.06,7943.72,7794.17,216.38K,-1.63%
05/09/2017,7923.50,7980.36,8018.39,7913.14,187.60K,-0.49%
05/08/2017,7962.33,7849.89,7962.33,7849.89,242.06K,1.53%
05/05/2017,7841.99,7753.06,7908.97,7742.51,205.44K,1.11%
05/04/2017,7755.75,7696.22,7767.91,7689.20,153.12K,0.96%
05/03/2017,7682.26,7713.86,7731.98,7682.26,129.37K,-0.27%
05/02/2017,7703.10,7687.29,7720.33,7685.54,144.87K,0.55%
04/27/2017,7661.01,7721.16,7721.16,7661.01,124.15K,-0.85%
04/26/2017,7726.45,7708.85,7733.78,7683.47,117.49K,0.34%
04/25/2017,7700.46,7599.90,7719.67,7596.39,176.71K,1.47%
04/24/2017,7588.88,7585.36,7599.05,7565.02,114.20K,0.14%
04/21/2017,7578.16,7585.04,7609.65,7575.34,135.40K,0.19%
04/20/2017,7563.45,7502.29,7563.45,7493.96,190.70K,0.54%
04/19/2017,7522.98,7586.44,7591.81,7502.93,107.12K,-0.87%
04/18/2017,7588.98,7594.92,7607.83,7573.71,108.26K,0.01%
04/17/2017,7588.53,7615.44,7621.50,7584.34,96.78K,-0.54%
04/12/2017,7629.64,7600.78,7631.80,7594.72,163.04K,0.37%
04/11/2017,7601.40,7615.95,7645.10,7588.82,156.04K,-0.22%
04/10/2017,7617.91,7598.24,7624.20,7580.36,173.64K,0.45%
04/07/2017,7583.75,7559.65,7667.33,7553.52,292.33K,0.24%
04/06/2017,7565.32,7580.24,7603.90,7529.47,320.72K,-0.25%
04/05/2017,7584.21,7478.50,7584.86,7476.57,253.00K,1.85%
04/04/2017,7446.49,7363.88,7456.26,7354.57,171.30K,1.43%
04/03/2017,7341.65,7323.74,7346.00,7317.74,157.20K,0.41%
03/31/2017,7311.72,7336.61,7340.64,7301.69,158.07K,-0.28%
03/30/2017,7332.59,7327.38,7360.39,7327.38,172.84K,0.12%
03/29/2017,7324.00,7320.09,7354.46,7310.02,236.89K,-0.10%
03/28/2017,7331.46,7276.26,7331.46,7274.60,161.16K,1.18%
03/27/2017,7245.97,7268.64,7276.00,7222.15,192.00K,-0.33%
03/24/2017,7269.62,7308.65,7317.25,7269.62,208.95K,-0.43%
03/23/2017,7301.03,7299.89,7315.89,7281.85,176.37K,0.64%
03/22/2017,7254.93,7300.46,7300.46,7230.17,218.01K,-0.93%
03/21/2017,7323.31,7319.92,7361.44,7318.19,197.68K,0.09%
03/20/2017,7316.57,7374.45,7380.57,7297.32,156.14K,-0.39%
03/17/2017,7345.02,7307.01,7417.76,7274.68,438.50K,0.91%
03/16/2017,7278.60,7279.86,7320.50,7268.18,117.43K,0.34%
03/15/2017,7253.79,7268.35,7275.98,7214.96,191.31K,-0.11%
03/14/2017,7261.75,7253.13,7281.57,7244.00,148.10K,0.40%
03/13/2017,7233.09,7213.74,7238.60,7202.17,134.06K,1.21%
03/10/2017,7146.27,7298.18,7298.74,7146.27,171.46K,-2.04%
03/09/2017,7295.45,7298.10,7326.83,7295.45,112.03K,0.01%
03/08/2017,7294.56,7314.42,7341.58,7294.56,96.69K,0.00%
03/07/2017,7294.52,7310.65,7326.07,7285.25,143.14K,-0.26%
03/06/2017,7313.87,7228.92,7316.57,7216.12,150.28K,0.92%
03/03/2017,7247.12,7232.47,7247.12,7197.16,100.91K,0.17%
03/02/2017,7234.94,7183.45,7244.05,7183.45,122.34K,0.90%
03/01/2017,7170.70,7167.89,7186.48,7150.61,205.74K,-0.57%
02/28/2017,7212.09,7239.64,7245.60,7152.45,161.33K,-0.28%
02/27/2017,7232.47,7266.78,7296.00,7232.47,94.53K,-0.37%
02/24/2017,7258.99,7328.95,7331.72,7258.99,148.81K,-1.04%
02/23/2017,7335.56,7312.42,7339.90,7290.21,173.83K,0.43%
02/22/2017,7304.45,7275.51,7304.45,7263.20,177.96K,0.30%
02/21/2017,7282.68,7284.93,7284.93,7258.31,99.43K,0.02%
02/20/2017,7281.19,7252.54,7281.19,7252.54,99.73K,0.50%
02/17/2017,7244.79,7289.63,7292.62,7236.91,182.55K,-0.53%
02/16/2017,7283.25,7176.64,7293.16,7176.64,132.94K,1.52%
02/15/2017,7174.30,7217.24,7234.40,7174.30,184.96K,-0.45%
02/14/2017,7206.84,7279.85,7282.46,7206.84,110.85K,-1.20%
02/13/2017,7294.67,7241.80,7294.67,7237.23,86.08K,0.82%
02/10/2017,7235.21,7257.72,7265.52,7196.75,138.53K,-0.24%
02/09/2017,7252.66,7238.45,7252.66,7227.85,109.53K,0.25%
02/08/2017,7234.82,7277.89,7286.44,7221.44,137.07K,-0.38%
02/07/2017,7262.64,7283.85,7283.85,7241.62,118.77K,-0.44%
02/06/2017,7294.40,7244.31,7294.40,7243.65,165.35K,0.94%
02/03/2017,7226.70,7223.34,7227.10,7186.44,140.19K,0.01%
02/02/2017,7225.91,7228.85,7282.04,7208.14,120.51K,-0.02%
02/01/2017,7227.45,7297.72,7300.21,7209.73,89.82K,-0.03%
01/31/2017,7229.66,7327.90,7343.93,7229.66,111.95K,-1.46%
01/30/2017,7336.71,7350.89,7376.93,7336.71,79.50K,0.04%
01/27/2017,7333.67,7338.22,7366.04,7333.67,149.98K,0.01%
01/26/2017,7332.64,7320.64,7361.78,7320.64,148.21K,0.13%
01/25/2017,7323.36,7383.68,7398.29,7323.36,153.15K,-0.64%
01/24/2017,7370.65,7373.89,7384.58,7340.54,180.74K,-0.05%
01/23/2017,7374.35,7242.62,7374.35,7237.33,132.79K,1.96%
01/20/2017,7232.66,7252.44,7255.17,7204.27,128.57K,-0.19%
01/19/2017,7246.08,7183.99,7246.08,7172.19,128.19K,1.25%
01/18/2017,7156.36,7136.15,7165.15,7129.89,91.91K,0.46%
01/17/2017,7123.33,7244.03,7244.03,7123.33,223.34K,-1.59%
01/16/2017,7238.45,7243.55,7279.48,7225.43,104.98K,0.00%
01/13/2017,7238.52,7256.72,7270.85,7227.16,109.44K,-0.36%
01/12/2017,7264.55,7335.66,7347.82,7260.71,127.41K,-0.78%
01/11/2017,7321.82,7362.24,7402.54,7316.78,161.97K,-0.58%
01/10/2017,7364.34,7278.57,7371.84,7276.72,256.70K,1.21%
01/09/2017,7276.34,7255.18,7276.34,7210.80,110.25K,0.39%
01/06/2017,7248.20,7184.46,7289.51,7181.69,205.91K,0.54%
01/05/2017,7209.44,7051.86,7279.92,7049.34,223.92K,2.54%
01/04/2017,7030.95,6874.68,7041.06,6874.68,203.96K,2.47%
01/03/2017,6861.31,6840.06,6861.31,6746.80,56.06K,0.30%
12/29/2016,6840.64,6846.55,6855.37,6797.66,150.75K,-0.08%
12/28/2016,6846.44,6688.94,6846.44,6677.06,102.21K,2.83%
12/27/2016,6658.20,6579.21,6658.20,6575.85,85.57K,1.44%
12/23/2016,6563.67,6545.53,6563.67,6499.00,115.42K,-0.36%
12/22/2016,6587.17,6664.55,6676.60,6564.15,192.99K,-1.48%
12/21/2016,6686.36,6687.09,6732.20,6681.02,155.10K,0.42%
12/20/2016,6658.66,6707.99,6710.16,6589.69,190.67K,-0.83%
12/19/2016,6714.13,6843.25,6848.37,6683.35,133.26K,-1.99%
12/16/2016,6850.71,6855.24,6881.21,6825.32,191.42K,-0.07%
12/15/2016,6855.31,6891.66,6891.66,6837.36,119.53K,-1.05%
12/14/2016,6928.34,6888.61,6928.34,6888.61,119.25K,0.69%
12/13/2016,6880.91,6874.16,6880.91,6799.22,151.51K,0.17%
12/12/2016,6868.89,7048.74,7048.74,6844.84,160.33K,-2.47%
12/09/2016,7043.16,7044.41,7045.83,7018.99,130.40K,0.30%
12/08/2016,7022.38,6917.88,7022.38,6903.91,199.99K,2.27%
12/07/2016,6866.81,6810.24,6866.81,6789.94,92.24K,0.89%
12/06/2016,6806.14,6808.51,6835.49,6751.93,128.25K,0.44%
12/05/2016,6776.41,6902.51,6902.51,6776.41,178.46K,-1.60%
12/02/2016,6886.74,6880.67,6902.35,6834.65,156.90K,0.32%
12/01/2016,6864.87,6902.14,6943.20,6864.87,202.89K,1.23%
11/29/2016,6781.20,6823.60,6825.54,6769.11,241.74K,-0.65%
11/28/2016,6825.40,6902.09,6907.09,6786.26,122.50K,-0.93%
11/25/2016,6889.78,6884.29,6904.93,6845.72,68.63K,0.24%
11/24/2016,6873.31,6847.07,6873.31,6808.17,115.43K,0.54%
11/23/2016,6836.64,6822.07,6836.64,6722.31,132.14K,0.50%
11/22/2016,6802.73,6973.75,6973.75,6802.73,144.83K,-2.53%
11/21/2016,6979.06,7073.12,7084.72,6947.61,67.63K,-1.25%
11/18/2016,7067.73,7071.24,7082.60,7037.58,69.30K,0.25%
11/17/2016,7050.12,6999.38,7115.76,6993.66,112.90K,1.20%
11/16/2016,6966.28,6900.90,7001.36,6900.90,92.97K,1.59%
11/15/2016,6857.15,6883.11,6948.61,6857.15,142.13K,-0.21%
11/14/2016,6871.48,6939.31,6945.26,6865.94,157.42K,-1.49%
11/11/2016,6975.09,7146.09,7153.50,6971.58,183.33K,-2.88%
11/10/2016,7181.87,7232.50,7254.27,7172.65,113.93K,0.88%
11/09/2016,7119.04,7325.41,7329.24,7038.19,146.96K,-2.58%
11/08/2016,7307.80,7279.03,7307.80,7231.57,105.28K,1.54%
11/07/2016,7197.19,7201.90,7232.18,7164.90,106.60K,-0.42%
11/04/2016,7227.37,7174.40,7227.37,7160.61,134.77K,0.93%
11/03/2016,7160.91,7230.37,7252.55,7129.10,188.77K,-1.26%
11/02/2016,7252.40,7371.68,7374.57,7237.34,154.13K,-2.06%
10/28/2016,7404.80,7442.92,7447.61,7317.72,106.18K,-0.54%
10/27/2016,7445.14,7496.05,7497.12,7424.63,121.35K,-0.66%
10/26/2016,7494.41,7542.36,7546.87,7478.55,117.92K,-1.13%
10/25/2016,7580.22,7599.53,7624.77,7580.22,89.85K,-0.38%
10/24/2016,7609.31,7593.36,7614.58,7571.44,94.09K,-0.53%
10/21/2016,7650.22,7714.18,7714.18,7645.40,72.06K,-0.82%
10/20/2016,7713.32,7705.46,7720.03,7656.99,110.54K,-0.11%
10/19/2016,7721.57,7578.96,7721.57,7576.35,183.85K,1.99%
10/18/2016,7571.15,7361.94,7571.15,7357.15,142.86K,2.89%
10/17/2016,7358.21,7378.76,7426.56,7358.21,115.07K,-0.42%
10/14/2016,7389.30,7321.71,7403.81,7321.71,152.61K,1.05%
10/13/2016,7312.18,7381.58,7393.86,7312.18,205.10K,-1.58%
10/12/2016,7429.82,7494.65,7495.49,7393.51,139.76K,-1.21%
10/11/2016,7520.82,7529.18,7566.01,7510.25,106.92K,-0.18%
10/10/2016,7534.71,7584.46,7586.36,7523.97,52.64K,-0.58%
10/07/2016,7578.29,7621.57,7628.85,7550.89,152.14K,-0.55%
10/06/2016,7620.16,7635.75,7642.71,7609.01,88.74K,-0.26%
10/05/2016,7639.79,7706.66,7706.66,7607.08,82.55K,-1.03%
10/04/2016,7719.24,7670.22,7719.24,7666.40,100.28K,0.54%
10/03/2016,7677.73,7643.34,7677.73,7643.34,80.56K,0.63%
09/30/2016,7629.73,7709.77,7709.77,7629.73,105.39K,-1.10%
09/29/2016,7714.86,7611.04,7714.86,7605.42,192.37K,1.69%
09/28/2016,7586.96,7559.30,7603.81,7554.94,86.37K,0.39%
09/27/2016,7557.34,7627.00,7627.00,7538.00,125.92K,-0.98%
09/26/2016,7632.46,7715.32,7715.32,7615.45,93.86K,-1.18%
09/23/2016,7723.60,7768.31,7781.93,7692.99,119.53K,-0.50%
09/22/2016,7762.35,7714.05,7770.37,7712.29,137.71K,1.13%
09/21/2016,7675.42,7686.26,7686.26,7632.25,126.89K,0.05%
09/20/2016,7671.72,7590.19,7671.72,7590.19,112.37K,1.27%
09/19/2016,7575.84,7570.64,7576.84,7519.81,89.01K,0.29%
09/16/2016,7553.76,7683.67,7683.67,7549.32,181.65K,-2.01%
09/15/2016,7708.42,7537.14,7708.42,7510.62,117.56K,2.15%
09/14/2016,7546.01,7526.30,7546.01,7493.64,175.12K,-0.06%
09/13/2016,7550.27,7569.99,7571.01,7527.76,142.74K,-0.42%
09/09/2016,7581.79,7678.75,7678.90,7581.79,117.15K,-1.11%
09/08/2016,7667.07,7588.78,7667.62,7536.07,203.06K,0.63%
09/07/2016,7619.10,7723.14,7723.14,7597.32,304.27K,-1.30%
09/06/2016,7719.18,7769.69,7771.75,7697.41,131.89K,-0.58%
09/05/2016,7764.05,7780.14,7807.93,7747.06,96.91K,-0.56%
09/02/2016,7807.42,7769.92,7829.70,7769.92,126.42K,0.44%
09/01/2016,7773.31,7775.78,7780.39,7646.30,231.92K,-0.18%
08/31/2016,7787.37,7770.79,7802.81,7707.38,230.50K,-0.10%
08/30/2016,7794.93,7863.15,7863.15,7719.14,243.56K,-0.64%
08/26/2016,7845.49,7849.61,7849.61,7804.28,201.76K,-0.12%
08/25/2016,7854.54,7870.43,7870.43,7839.60,145.52K,-0.15%
08/24/2016,7866.13,7938.70,7938.70,7830.41,167.74K,-0.87%
08/23/2016,7935.18,7963.10,7966.33,7912.95,120.92K,-0.58%
08/22/2016,7981.21,7938.61,7981.21,7934.98,111.00K,0.64%
08/19/2016,7930.75,7959.50,7964.86,7916.67,172.21K,-0.28%
08/18/2016,7952.81,7948.30,7993.96,7936.30,128.65K,0.08%
08/17/2016,7946.19,7999.81,8002.28,7930.39,193.90K,-0.47%
08/16/2016,7983.38,7969.23,7983.38,7944.39,170.97K,0.29%
08/15/2016,7960.17,7949.64,7960.17,7894.56,160.50K,0.05%
08/12/2016,7955.86,8020.84,8030.94,7932.88,186.51K,-0.32%
08/11/2016,7981.35,8058.88,8058.88,7970.97,215.94K,-0.87%
08/10/2016,8051.40,8053.42,8059.03,8019.64,164.31K,-0.05%
08/09/2016,8055.06,8012.76,8064.02,8006.94,193.32K,0.77%
08/08/2016,7993.58,7990.15,7993.58,7957.04,129.43K,0.29%
08/05/2016,7970.35,7986.32,7987.17,7955.67,80.07K,-0.10%
08/04/2016,7978.57,7909.11,7978.57,7907.44,110.31K,1.14%
08/03/2016,7888.44,8027.27,8027.27,7848.73,145.60K,-1.86%
08/02/2016,8037.78,8075.13,8075.13,8010.63,140.06K,-0.40%
08/01/2016,8069.81,8006.72,8078.98,8006.72,98.48K,1.34%
07/29/2016,7963.11,8021.22,8064.01,7963.11,131.58K,-0.77%
07/28/2016,8024.98,8107.23,8107.23,7977.29,141.70K,-0.93%
07/27/2016,8100.48,8046.07,8100.48,8044.92,177.46K,0.95%
07/26/2016,8024.54,8061.96,8092.96,8024.54,172.32K,-0.31%
07/25/2016,8049.13,8065.54,8114.34,8038.11,152.70K,0.30%
07/22/2016,8025.35,8103.45,8118.44,8025.35,140.41K,-0.95%
07/21/2016,8102.30,8050.26,8102.30,8023.31,170.22K,0.63%
07/20/2016,8051.97,8034.76,8051.97,8023.28,113.44K,0.20%
07/19/2016,8036.01,8001.12,8036.01,7999.07,144.74K,0.62%
07/18/2016,7986.25,8024.48,8024.48,7969.35,86.07K,-0.55%
07/15/2016,8030.06,7968.63,8037.41,7968.63,185.62K,0.93%
07/14/2016,7956.14,7953.39,7964.07,7905.88,146.08K,0.15%
07/13/2016,7944.02,7951.05,8005.73,7944.02,314.86K,0.08%
07/12/2016,7937.95,7881.54,7937.95,7880.31,239.19K,0.92%
07/11/2016,7865.27,7830.50,7890.56,7827.51,200.35K,1.21%
07/08/2016,7771.52,7752.62,7774.39,7752.02,183.31K,0.23%
07/07/2016,7753.46,7816.26,7818.67,7748.87,138.20K,-0.70%
07/05/2016,7808.13,7872.96,7910.88,7797.94,200.05K,-0.49%
07/04/2016,7846.54,7856.67,7879.66,7832.13,122.41K,0.21%
07/01/2016,7830.35,7811.20,7878.52,7811.20,141.74K,0.44%
06/30/2016,7796.25,7819.14,7980.75,7768.44,307.91K,-0.03%
06/29/2016,7798.53,7715.40,7798.53,7714.18,144.24K,1.72%
06/28/2016,7666.69,7711.88,7711.88,7651.34,96.76K,-0.64%
06/27/2016,7715.90,7571.33,7715.90,7488.51,157.60K,1.13%
06/24/2016,7629.72,7771.75,7813.58,7538.18,223.29K,-1.29%
06/23/2016,7729.78,7761.38,7763.05,7711.56,143.66K,-0.34%
06/22/2016,7756.37,7767.44,7777.60,7756.37,166.99K,-0.14%
06/21/2016,7767.23,7701.90,7781.17,7700.69,214.87K,1.33%
06/20/2016,7665.33,7632.10,7678.08,7624.08,152.21K,0.57%
06/17/2016,7622.07,7607.95,7656.33,7607.95,127.34K,0.76%
06/16/2016,7564.47,7516.08,7576.82,7513.42,120.33K,0.84%
06/15/2016,7501.65,7455.11,7521.60,7451.56,121.28K,0.56%
06/14/2016,7460.12,7516.68,7516.68,7414.37,109.17K,-1.25%
06/13/2016,7554.40,7510.31,7554.40,7407.22,165.98K,0.59%
06/10/2016,7509.94,7567.74,7616.94,7509.94,155.46K,-0.35%
06/09/2016,7536.65,7725.55,7725.55,7536.65,109.12K,-2.41%
06/08/2016,7722.79,7724.26,7792.34,7722.79,195.88K,0.16%
06/07/2016,7710.54,7645.35,7744.54,7634.38,272.59K,1.48%
06/06/2016,7598.22,7549.87,7606.85,7535.51,142.87K,1.12%
06/03/2016,7514.22,7511.71,7533.48,7497.53,133.08K,0.66%
06/02/2016,7464.59,7506.78,7553.60,7464.59,143.18K,-0.48%
06/01/2016,7500.79,7447.27,7507.47,7434.55,130.15K,1.34%
05/31/2016,7401.60,7478.89,7519.17,7401.60,212.77K,-0.84%
05/30/2016,7464.34,7409.01,7465.23,7409.01,119.97K,0.71%
05/27/2016,7411.68,7393.87,7430.93,7373.96,157.30K,0.48%
05/26/2016,7376.38,7438.89,7454.51,7354.17,116.64K,-1.17%
05/25/2016,7463.95,7396.00,7466.72,7396.00,172.62K,1.46%
05/24/2016,7356.72,7309.03,7363.96,7304.56,125.05K,0.68%
05/23/2016,7306.69,7320.65,7351.07,7306.69,97.15K,0.10%
05/20/2016,7299.03,7390.91,7395.60,7295.28,114.06K,-1.73%
05/19/2016,7427.33,7539.25,7539.25,7427.33,126.31K,-1.42%
05/18/2016,7534.30,7531.58,7542.83,7487.68,199.18K,0.13%
05/17/2016,7524.84,7525.61,7568.82,7513.40,218.75K,0.17%
05/16/2016,7511.74,7382.43,7527.11,7382.43,184.35K,1.01%
05/13/2016,7436.79,7368.93,7517.95,7352.03,278.44K,1.53%
05/12/2016,7325.04,7399.79,7399.79,7310.10,161.40K,-0.97%
05/11/2016,7396.52,7227.55,7423.52,7227.55,299.83K,3.09%
05/10/2016,7174.88,6966.35,7174.88,6941.42,235.05K,2.62%
05/06/2016,6991.87,6976.36,7003.03,6961.65,137.12K,-0.11%
05/05/2016,6999.75,7007.63,7011.28,6986.86,108.42K,-1.16%
05/04/2016,7081.86,7049.64,7081.86,6982.32,83.91K,0.50%
05/03/2016,7046.57,7064.46,7098.48,7046.57,122.30K,-0.10%
05/02/2016,7053.88,7106.35,7124.26,6980.18,129.67K,-1.47%
04/29/2016,7159.29,7162.49,7162.49,7122.76,106.33K,-0.05%
04/28/2016,7162.56,7199.98,7220.66,7158.63,111.45K,-0.25%
04/27/2016,7180.53,7192.07,7201.00,7137.78,129.11K,-0.44%
04/26/2016,7211.92,7245.63,7249.86,7202.00,103.60K,-0.53%
04/25/2016,7250.13,7260.04,7267.44,7227.25,90.23K,-0.07%
04/22/2016,7255.39,7253.30,7272.42,7235.03,111.19K,-0.03%
04/21/2016,7257.85,7212.66,7257.85,7194.08,121.82K,0.78%
04/20/2016,7201.37,7212.41,7229.70,7189.53,108.34K,-0.19%
04/19/2016,7215.09,7244.69,7264.49,7183.28,111.10K,-0.39%
04/18/2016,7243.40,7313.58,7313.58,7235.79,80.44K,-1.06%
04/15/2016,7321.30,7360.83,7363.04,7303.29,78.24K,-0.49%
04/14/2016,7357.28,7340.53,7374.96,7338.41,182.35K,0.22%
04/13/2016,7341.00,7324.02,7343.29,7318.37,186.01K,0.47%
04/12/2016,7306.56,7295.12,7306.56,7276.52,103.94K,0.21%
04/11/2016,7291.43,7252.01,7291.43,7252.01,75.10K,0.61%
04/08/2016,7247.20,7217.38,7247.20,7189.09,107.51K,0.20%
04/07/2016,7232.97,7204.36,7239.22,7199.96,93.80K,0.73%
04/06/2016,7180.55,7223.08,7223.08,7171.13,127.33K,-0.54%
04/05/2016,7219.23,7269.50,7269.83,7215.94,94.20K,-0.49%
04/04/2016,7254.53,7245.70,7302.62,7235.90,76.58K,0.13%
04/01/2016,7245.13,7273.88,7285.63,7205.62,84.46K,-0.24%
03/31/2016,7262.30,7329.63,7357.96,7229.00,144.59K,-0.51%
03/30/2016,7299.23,7299.44,7362.60,7293.63,198.83K,0.34%
03/29/2016,7274.40,7323.93,7339.08,7264.69,110.96K,-0.82%
03/28/2016,7334.52,7355.59,7359.23,7303.73,80.78K,-0.35%
03/23/2016,7360.05,7307.48,7360.05,7262.69,108.72K,0.25%
03/22/2016,7342.03,7372.66,7383.30,7295.67,161.42K,-0.47%
03/21/2016,7376.41,7346.76,7412.33,7346.76,166.10K,0.95%
03/18/2016,7306.74,7229.73,7318.49,7227.14,188.06K,1.33%
03/17/2016,7210.90,7114.31,7210.90,7110.27,122.71K,2.06%
03/16/2016,7065.39,7146.76,7156.28,7065.39,131.22K,-1.16%
03/15/2016,7148.26,7140.65,7207.93,7140.23,145.03K,0.50%
03/14/2016,7112.89,7161.09,7204.61,7112.89,137.57K,0.20%
03/11/2016,7098.64,7002.06,7119.86,7002.06,173.36K,0.72%
03/10/2016,7048.08,6938.11,7052.25,6936.54,142.97K,1.44%
03/09/2016,6948.18,6914.33,6951.04,6889.63,174.86K,0.47%
03/08/2016,6915.51,6897.25,6915.51,6840.05,96.37K,0.33%
03/07/2016,6892.69,6949.20,6955.91,6871.83,117.55K,-0.09%
03/04/2016,6899.07,6973.90,6987.22,6899.07,130.22K,-0.92%
03/03/2016,6963.44,6886.28,6988.68,6883.94,314.81K,1.18%
03/02/2016,6882.45,6781.43,6882.45,6781.43,244.77K,2.27%
03/01/2016,6729.53,6670.75,6731.33,6661.68,115.25K,0.88%
02/29/2016,6671.04,6777.05,6818.04,6671.04,131.97K,-1.48%
02/26/2016,6771.30,6731.40,6773.03,6728.65,119.62K,0.03%
02/24/2016,6769.26,6812.41,6812.41,6713.81,102.79K,-0.73%
02/23/2016,6819.34,6795.73,6829.12,6795.73,130.14K,0.53%
02/22/2016,6783.08,6792.54,6799.32,6773.83,104.91K,-0.13%
02/19/2016,6792.06,6844.96,6844.96,6789.10,184.28K,-0.83%
02/18/2016,6848.87,6781.47,6848.87,6778.93,196.79K,1.36%
02/17/2016,6756.82,6776.63,6779.30,6727.93,127.79K,0.19%
02/16/2016,6743.95,6718.05,6777.43,6718.05,240.58K,0.77%
02/15/2016,6692.58,6684.54,6711.74,6680.62,158.35K,0.57%
02/12/2016,6654.45,6623.96,6677.48,6607.46,147.75K,-0.13%
02/11/2016,6663.43,6633.28,6674.70,6610.89,111.77K,0.39%
02/10/2016,6637.48,6609.79,6637.48,6550.12,83.88K,0.00%
02/09/2016,6637.43,6723.20,6723.20,6637.43,111.61K,-1.89%
02/05/2016,6765.13,6664.18,6769.08,6664.18,218.65K,1.69%
02/04/2016,6652.83,6553.63,6652.83,6553.63,182.01K,2.01%
02/03/2016,6521.48,6604.29,6604.29,6521.20,150.47K,-1.82%
02/02/2016,6642.45,6619.68,6653.12,6619.68,141.97K,-0.88%
02/01/2016,6701.36,6705.52,6736.87,6650.97,185.65K,0.21%
01/29/2016,6687.62,6590.07,6687.62,6589.29,247.45K,1.89%
01/28/2016,6563.38,6495.57,6564.66,6447.61,250.42K,0.86%
01/27/2016,6507.22,6344.06,6507.22,6344.06,215.47K,3.10%
01/26/2016,6311.60,6317.24,6362.67,6258.88,158.16K,-1.90%
01/25/2016,6434.08,6299.60,6434.08,6287.25,209.65K,3.64%
01/22/2016,6208.05,6116.32,6208.05,6116.15,291.97K,2.03%
01/21/2016,6084.28,6212.41,6213.88,6084.28,234.02K,-2.80%
01/20/2016,6259.61,6348.62,6374.50,6253.88,218.44K,-1.53%
01/19/2016,6357.05,6348.03,6376.25,6311.66,112.46K,0.35%
01/18/2016,6335.09,6327.70,6348.37,6276.10,183.62K,-1.77%
01/15/2016,6449.50,6462.07,6510.40,6449.50,109.58K,0.64%
01/14/2016,6408.76,6395.87,6433.70,6346.00,134.47K,-1.31%
01/13/2016,6494.13,6371.94,6506.91,6371.94,195.31K,2.58%
01/12/2016,6330.55,6322.87,6433.75,6322.87,119.01K,0.67%
01/11/2016,6288.26,6523.28,6523.28,6288.26,193.64K,-4.37%
01/08/2016,6575.43,6588.08,6651.00,6555.45,137.45K,-0.66%
01/07/2016,6618.88,6823.37,6823.37,6618.88,136.63K,-2.86%
01/06/2016,6813.90,6846.99,6870.56,6813.90,94.12K,-0.31%
01/05/2016,6835.13,6823.92,6863.75,6785.72,86.20K,0.03%
01/04/2016,6833.42,6954.27,6957.24,6833.42,51.49K,-1.71%
12/29/2015,6952.08,6975.69,6991.01,6908.28,86.52K,-0.45%
12/28/2015,6983.61,6880.31,6983.61,6880.31,64.69K,-0.27%
12/23/2015,7002.42,7004.59,7022.88,6988.83,56.93K,0.52%
12/22/2015,6966.18,6904.27,6966.18,6901.91,73.56K,0.81%
12/21/2015,6910.34,6865.15,6914.78,6822.29,65.26K,0.63%
12/18/2015,6867.07,6876.21,6876.21,6796.54,98.45K,-0.56%
12/17/2015,6905.70,6875.50,6939.45,6871.74,145.67K,1.44%
12/16/2015,6807.72,6732.54,6810.85,6732.54,127.68K,1.59%
12/15/2015,6701.35,6724.61,6743.70,6701.35,63.86K,-0.66%
12/14/2015,6745.99,6692.30,6745.99,6610.82,89.66K,0.16%
12/11/2015,6735.01,6827.87,6842.78,6708.03,120.14K,-1.25%
12/10/2015,6820.60,6861.19,6866.43,6820.05,117.65K,-0.40%
12/09/2015,6848.25,6828.42,6874.63,6827.23,55.79K,0.14%
12/08/2015,6838.42,6887.42,6887.42,6838.42,67.11K,-1.06%
12/07/2015,6911.86,6930.38,6976.44,6910.08,63.71K,-0.15%
12/04/2015,6921.93,6961.53,6964.37,6910.28,77.35K,-1.03%
12/03/2015,6994.10,7038.20,7038.76,6959.69,71.53K,-0.75%
12/02/2015,7047.08,7049.15,7062.63,7031.60,105.71K,-0.19%
12/01/2015,7060.60,6918.55,7060.60,6918.55,200.91K,1.93%
11/27/2015,6927.07,7060.45,7060.70,6927.07,152.21K,-1.93%
11/26/2015,7063.25,7084.26,7084.26,7043.88,128.68K,0.06%
11/25/2015,7059.14,7037.25,7059.14,7017.50,115.50K,0.95%
11/24/2015,6992.60,6997.69,6998.32,6971.20,90.19K,-0.05%
11/23/2015,6996.19,6927.74,6996.19,6920.11,106.20K,0.91%
11/20/2015,6932.81,6867.24,6932.81,6857.23,117.83K,1.57%
11/17/2015,6825.38,6803.39,6885.62,6803.39,98.91K,0.77%
11/16/2015,6772.92,6830.78,6830.78,6715.92,99.63K,-1.81%
11/13/2015,6897.77,6900.36,6919.08,6851.40,117.98K,-0.17%
11/12/2015,6909.82,7016.22,7054.73,6909.82,135.40K,-1.06%
11/11/2015,6983.72,6975.29,6983.72,6953.97,181.17K,-0.23%
11/10/2015,7000.11,7023.25,7030.03,6984.83,91.11K,-0.99%
11/09/2015,7070.19,7113.50,7120.12,7047.58,74.87K,-0.67%
11/06/2015,7118.20,7115.28,7124.85,7078.35,86.92K,-0.06%
11/05/2015,7122.45,7191.31,7191.31,7109.74,99.07K,-1.09%
11/04/2015,7201.02,7228.63,7239.93,7146.48,96.58K,-0.13%
11/03/2015,7210.73,7206.88,7237.97,7197.32,144.43K,0.17%
11/02/2015,7198.85,7179.31,7198.85,7156.75,84.92K,0.91%
10/30/2015,7134.26,7186.13,7210.76,7134.26,102.24K,-0.76%
10/29/2015,7189.25,7295.86,7310.18,7177.92,140.97K,-1.37%
10/28/2015,7289.26,7329.32,7329.32,7274.57,104.51K,-0.50%
10/27/2015,7325.76,7318.84,7347.64,7269.18,119.94K,0.02%
10/26/2015,7324.40,7294.63,7377.48,7294.63,170.52K,1.22%
10/23/2015,7236.38,7142.54,7255.08,7142.54,168.45K,1.67%
10/22/2015,7117.78,7097.87,7117.78,7088.09,135.35K,0.35%
10/21/2015,7092.90,7069.55,7107.68,7065.37,94.07K,0.45%
10/20/2015,7060.85,7065.47,7075.46,7046.40,122.23K,0.08%
10/19/2015,7054.86,7064.77,7076.60,7029.53,110.59K,-0.01%
10/16/2015,7055.74,7099.52,7116.79,7046.78,159.23K,0.15%
10/15/2015,7045.40,6979.44,7052.29,6966.72,121.00K,1.74%
10/14/2015,6924.77,7034.77,7048.00,6924.77,115.19K,-1.26%
10/13/2015,7013.44,7162.05,7162.05,7013.44,104.33K,-1.91%
10/12/2015,7150.29,7164.09,7180.05,7113.95,100.34K,0.16%
10/09/2015,7138.91,7145.11,7163.27,7111.06,114.85K,0.45%
10/08/2015,7106.79,7123.67,7142.85,7090.86,130.79K,-0.03%
10/07/2015,7108.80,7038.11,7108.80,7015.92,175.54K,0.76%
10/06/2015,7055.49,7043.77,7085.92,7043.45,183.56K,1.34%
10/05/2015,6961.93,6842.62,7016.07,6842.62,193.16K,1.62%
10/02/2015,6850.61,6914.09,6914.09,6821.85,109.56K,-0.59%
10/01/2015,6890.94,6899.26,6953.59,6890.82,131.50K,-0.04%
09/30/2015,6893.98,6880.57,6899.06,6848.14,167.45K,0.51%
09/29/2015,6859.29,6789.51,6859.29,6720.82,122.43K,0.64%
09/28/2015,6815.59,6922.58,6928.68,6815.59,118.59K,-1.47%
09/24/2015,6917.55,6938.62,6938.62,6853.08,104.30K,-0.14%
09/23/2015,6926.91,7025.30,7025.30,6922.47,136.68K,-1.76%
09/22/2015,7051.23,7095.54,7121.60,7038.70,146.44K,-0.58%
09/21/2015,7092.41,7159.73,7159.73,7069.87,108.40K,-0.55%
09/18/2015,7131.91,7149.46,7209.59,7131.91,165.80K,0.11%
09/17/2015,7123.99,7117.38,7154.68,7106.05,151.19K,0.42%
09/16/2015,7093.92,7120.99,7160.78,7085.58,129.64K,0.07%
09/15/2015,7089.01,7058.19,7095.60,7048.03,160.07K,0.28%
09/14/2015,7069.18,6922.03,7069.18,6922.03,90.31K,2.28%
09/11/2015,6911.38,6945.62,6945.62,6888.72,101.06K,0.26%
09/10/2015,6893.54,6932.02,6932.02,6874.27,109.82K,-0.70%
09/09/2015,6942.47,6945.72,6977.01,6912.71,170.78K,0.74%
09/08/2015,6891.30,6930.40,6946.13,6862.80,99.17K,-0.51%
09/07/2015,6926.82,7006.41,7006.41,6921.38,84.70K,-1.77%
09/04/2015,7051.78,7074.28,7082.28,7035.11,99.54K,-0.66%
09/03/2015,7098.76,7098.69,7105.76,7079.75,80.48K,0.37%
09/02/2015,7072.46,6993.71,7072.46,6887.41,118.66K,-0.20%
09/01/2015,7086.86,7065.09,7139.74,7065.09,214.19K,-0.17%
08/28/2015,7098.81,7066.40,7116.16,7063.03,140.09K,1.09%
08/27/2015,7022.09,6948.80,7025.24,6946.87,314.75K,2.24%
08/26/2015,6867.92,6832.94,6894.26,6813.67,309.70K,0.55%
08/25/2015,6830.34,6621.26,6845.79,6603.19,164.25K,0.58%
08/24/2015,6791.01,7112.48,7112.48,6726.48,288.71K,-6.70%
08/20/2015,7278.98,7341.08,7346.66,7265.99,120.42K,-0.90%
08/19/2015,7344.73,7311.03,7349.75,7288.06,163.77K,0.15%
08/18/2015,7333.45,7328.98,7357.72,7314.31,124.15K,-0.05%
08/17/2015,7336.84,7411.07,7432.77,7314.49,128.07K,-0.97%
08/14/2015,7408.44,7420.62,7434.96,7394.51,189.78K,-0.42%
08/13/2015,7439.80,7508.89,7514.13,7397.61,183.81K,-0.74%
08/12/2015,7495.43,7536.56,7536.56,7478.91,157.04K,-0.99%
08/11/2015,7570.45,7523.34,7572.27,7522.20,98.09K,0.48%
08/10/2015,7534.35,7526.42,7568.96,7526.42,96.41K,0.02%
08/07/2015,7532.52,7585.91,7585.91,7508.84,96.42K,-0.76%
08/06/2015,7589.95,7656.90,7692.16,7584.47,128.39K,-0.95%
08/05/2015,7662.55,7605.45,7697.33,7605.45,148.92K,0.85%
08/04/2015,7598.29,7568.04,7601.53,7560.61,199.47K,0.33%
08/03/2015,7573.26,7563.44,7573.26,7534.74,155.60K,0.31%
07/31/2015,7550.00,7521.87,7550.00,7497.33,97.06K,0.53%
07/30/2015,7510.39,7495.28,7540.74,7495.28,112.66K,0.37%
07/29/2015,7482.83,7482.78,7526.84,7482.78,116.65K,0.05%
07/28/2015,7479.03,7528.79,7528.79,7467.13,123.77K,-0.91%
07/27/2015,7547.44,7631.54,7635.41,7547.44,78.94K,-1.54%
07/24/2015,7665.52,7647.17,7665.52,7618.60,86.32K,0.16%
07/23/2015,7653.22,7573.10,7658.93,7573.10,112.02K,0.23%
07/22/2015,7635.62,7627.80,7635.62,7584.72,118.02K,0.10%
07/21/2015,7627.96,7536.70,7627.96,7536.70,125.39K,1.15%
07/20/2015,7541.17,7606.45,7610.34,7535.80,87.46K,-1.00%
07/16/2015,7617.13,7558.54,7617.13,7553.84,144.56K,0.77%
07/15/2015,7559.04,7547.12,7565.87,7523.84,167.08K,0.27%
07/14/2015,7538.76,7508.94,7567.33,7508.94,107.71K,0.57%
07/13/2015,7496.33,7393.64,7496.33,7374.82,94.44K,1.40%
07/10/2015,7392.59,7345.68,7392.59,7323.09,122.29K,0.20%
07/09/2015,7377.69,7318.96,7378.44,7239.02,147.79K,0.19%
07/08/2015,7363.43,7427.99,7431.81,7342.59,170.05K,-1.06%
07/07/2015,7442.65,7471.71,7501.18,7427.03,86.83K,-0.17%
07/06/2015,7455.15,7537.23,7537.62,7439.42,59.18K,-1.06%
07/03/2015,7535.30,7578.94,7599.47,7535.30,68.81K,-0.57%
07/02/2015,7578.31,7572.96,7630.90,7569.17,145.47K,0.04%
07/01/2015,7575.15,7509.00,7575.15,7484.52,110.14K,0.14%
06/30/2015,7564.50,7517.66,7564.50,7496.43,179.69K,-0.04%
06/29/2015,7567.38,7577.17,7577.39,7500.50,102.85K,-0.72%
06/26/2015,7622.05,7622.34,7627.80,7591.41,124.06K,0.53%
06/25/2015,7581.91,7633.47,7633.47,7565.74,152.32K,-0.80%
06/24/2015,7643.33,7561.98,7643.33,7561.98,126.33K,1.22%
06/23/2015,7551.56,7617.44,7637.30,7551.56,127.78K,-0.76%
06/22/2015,7609.14,7611.30,7615.57,7546.62,111.74K,0.10%
06/19/2015,7601.17,7607.22,7660.15,7598.56,227.40K,-0.07%
06/18/2015,7606.86,7560.98,7607.92,7558.52,142.02K,0.94%
06/17/2015,7536.31,7506.58,7539.62,7455.68,198.89K,0.41%
06/16/2015,7505.48,7459.50,7507.85,7453.69,149.20K,0.66%
06/15/2015,7456.16,7505.97,7513.22,7456.16,171.75K,-0.63%
06/11/2015,7503.72,7384.77,7503.72,7384.77,165.84K,1.62%
06/10/2015,7384.27,7321.33,7384.27,7321.33,134.51K,0.83%
06/09/2015,7323.44,7448.58,7455.79,7272.36,184.91K,-2.16%
06/08/2015,7484.89,7522.24,7522.24,7466.15,142.52K,-0.56%
06/05/2015,7526.70,7547.20,7551.84,7491.82,184.06K,-0.36%
06/04/2015,7553.65,7561.65,7562.04,7515.77,142.07K,-0.11%
06/03/2015,7561.67,7550.48,7561.67,7498.18,207.09K,0.13%
06/02/2015,7551.96,7587.00,7588.53,7530.32,132.38K,-1.54%
06/01/2015,7670.37,7580.46,7670.37,7521.17,117.50K,1.19%
05/29/2015,7580.46,7503.46,7677.20,7499.95,340.33K,1.01%
05/28/2015,7505.03,7601.45,7612.97,7468.58,312.47K,-1.23%
05/27/2015,7598.70,7725.24,7725.24,7574.49,312.35K,-1.68%
05/26/2015,7728.50,7755.69,7755.69,7661.90,272.46K,-0.43%
05/25/2015,7761.53,7810.31,7832.71,7755.88,142.15K,-0.62%
05/22/2015,7810.17,7846.38,7870.42,7788.03,199.25K,-0.32%
05/21/2015,7835.38,7881.93,7894.21,7829.07,210.84K,-0.59%
05/20/2015,7881.93,7873.63,7900.98,7863.92,174.10K,0.13%
05/19/2015,7871.31,7906.11,7906.11,7860.72,172.95K,-0.49%
05/18/2015,7910.43,7881.95,7923.13,7881.95,143.10K,0.36%
05/15/2015,7881.95,7854.03,7900.88,7854.03,169.24K,0.64%
05/14/2015,7831.44,7808.83,7834.90,7782.66,268.00K,0.30%
05/13/2015,7808.35,7794.55,7820.06,7774.53,121.98K,0.18%
05/12/2015,7794.55,7777.90,7802.21,7715.27,169.06K,0.21%
05/11/2015,7777.90,7762.85,7791.70,7744.79,107.34K,0.19%
05/08/2015,7763.21,7818.79,7834.81,7755.40,118.54K,-0.68%
05/07/2015,7816.27,7766.52,7828.74,7734.71,188.94K,-0.73%
05/06/2015,7873.64,7918.65,7918.65,7844.32,180.43K,-0.58%
05/05/2015,7919.21,7820.36,7919.21,7820.36,192.99K,1.31%
05/04/2015,7816.44,7713.42,7816.44,7689.91,222.47K,1.32%
04/30/2015,7714.82,7826.30,7842.26,7693.91,333.15K,-1.41%
04/29/2015,7825.47,7886.82,7886.82,7788.62,222.57K,-0.77%
04/28/2015,7886.57,7941.18,7946.06,7861.64,172.06K,-0.90%
04/27/2015,7958.07,7956.32,7964.53,7937.72,188.06K,0.14%
04/24/2015,7947.25,7893.61,7947.25,7893.61,246.65K,0.70%
04/23/2015,7892.05,7835.42,7919.76,7835.42,251.39K,0.75%
04/22/2015,7833.03,7850.90,7862.20,7780.47,223.03K,-0.18%
04/21/2015,7846.94,7866.32,7917.92,7815.09,181.88K,-0.23%
04/20/2015,7865.27,7936.25,7936.25,7776.71,198.09K,-1.03%
04/17/2015,7946.89,7955.43,7996.44,7919.61,187.89K,-0.02%
04/16/2015,7948.20,7907.70,7948.20,7826.80,304.03K,0.53%
04/15/2015,7906.46,8057.28,8066.41,7859.60,388.06K,-1.86%
04/14/2015,8056.49,8080.75,8095.98,8041.32,240.81K,-0.21%
04/13/2015,8073.25,8129.88,8130.47,8052.23,163.20K,-0.67%
04/10/2015,8127.48,8033.27,8134.38,8032.69,265.68K,0.93%
04/08/2015,8052.69,8098.68,8098.68,8026.81,240.90K,-0.57%
04/07/2015,8098.68,8054.95,8136.97,8054.95,175.93K,0.56%
04/06/2015,8053.74,8009.45,8062.79,8006.80,155.35K,0.76%
04/01/2015,7993.09,7941.88,7993.09,7931.38,130.21K,0.66%
03/31/2015,7940.49,7899.41,7983.32,7899.41,183.14K,0.52%
03/30/2015,7899.41,7935.48,8007.98,7899.41,223.34K,0.27%
03/27/2015,7877.96,7871.37,7889.25,7849.20,176.71K,0.09%
03/26/2015,7871.10,7839.67,7871.10,7803.81,193.73K,0.44%
03/25/2015,7836.34,7828.27,7843.51,7814.03,190.51K,0.09%
03/24/2015,7828.94,7842.35,7844.93,7798.39,198.69K,-0.15%
03/23/2015,7840.49,7823.44,7850.20,7817.69,184.54K,0.28%
03/20/2015,7818.38,7800.99,7818.38,7774.74,452.33K,0.05%
03/19/2015,7814.55,7756.99,7830.23,7756.99,264.86K,0.75%
03/18/2015,7756.58,7788.11,7793.47,7744.25,289.87K,-0.42%
03/17/2015,7789.10,7730.38,7789.10,7730.38,223.71K,0.75%
03/16/2015,7730.95,7792.72,7804.60,7727.38,194.81K,-1.01%
03/13/2015,7809.54,7845.84,7860.33,7809.54,228.97K,-0.39%
03/12/2015,7839.82,7790.09,7839.82,7764.85,232.28K,0.63%
03/11/2015,7790.70,7828.48,7828.48,7772.78,233.59K,-0.48%
03/10/2015,7828.48,7821.43,7834.35,7812.84,221.10K,0.10%
03/09/2015,7820.29,7862.64,7862.64,7764.86,225.81K,-0.52%
03/06/2015,7861.33,7822.35,7861.33,7822.35,322.25K,0.54%
03/05/2015,7819.04,7847.55,7847.67,7819.04,280.27K,-0.37%
03/04/2015,7847.83,7785.28,7853.54,7781.00,173.93K,0.92%
03/03/2015,7776.51,7781.16,7809.52,7776.51,229.53K,0.03%
03/02/2015,7773.92,7730.57,7773.92,7701.73,243.85K,0.56%
02/27/2015,7730.57,7773.25,7797.56,7671.63,398.40K,-0.44%
02/26/2015,7764.39,7843.34,7843.34,7756.54,250.62K,-1.02%
02/25/2015,7844.06,7853.17,7862.91,7816.72,209.41K,0.12%
02/24/2015,7834.86,7835.54,7848.63,7827.60,176.35K,0.11%
02/23/2015,7826.07,7826.89,7854.80,7814.73,201.76K,0.01%
02/20/2015,7825.39,7814.40,7825.39,7806.82,140.81K,0.28%
02/18/2015,7803.45,7794.78,7840.39,7788.33,233.75K,0.13%
02/17/2015,7793.40,7785.45,7795.42,7777.75,184.64K,0.11%
02/16/2015,7784.65,7773.45,7801.02,7773.45,177.19K,0.14%
02/13/2015,7773.45,7714.59,7777.99,7714.59,224.77K,0.76%
02/12/2015,7714.59,7688.23,7717.92,7688.23,289.68K,0.37%
02/11/2015,7686.43,7727.62,7758.46,7686.28,246.87K,-0.48%
02/10/2015,7723.14,7782.77,7807.71,7723.14,321.18K,-0.76%
02/09/2015,7782.57,7728.39,7786.78,7728.39,259.78K,0.70%
02/06/2015,7728.18,7669.83,7728.18,7669.83,98.74K,0.70%
02/05/2015,7674.24,7709.91,7709.91,7653.36,80.19K,-0.54%
02/04/2015,7716.06,7665.17,7738.12,7665.17,179.41K,1.35%
02/03/2015,7613.15,7631.19,7631.19,7582.04,80.86K,-0.23%
02/02/2015,7630.71,7689.91,7715.29,7590.71,61.98K,-0.77%
01/30/2015,7689.91,7645.52,7689.91,7645.52,48.23K,0.95%
01/29/2015,7617.30,7658.28,7736.97,7617.30,145.22K,-0.57%
01/28/2015,7661.18,7630.57,7661.18,7623.72,117.26K,0.40%
01/27/2015,7630.57,7586.67,7631.85,7582.26,107.10K,0.58%
01/26/2015,7586.67,7548.93,7586.67,7525.27,90.29K,0.50%
01/23/2015,7548.93,7469.10,7548.93,7469.10,111.22K,1.79%
01/22/2015,7416.31,7475.09,7475.09,7400.03,114.16K,-0.77%
01/21/2015,7474.10,7467.06,7531.94,7451.34,77.07K,0.29%
01/20/2015,7452.81,7487.45,7508.77,7447.00,106.97K,-0.43%
01/19/2015,7485.32,7494.70,7502.05,7454.43,80.01K,-0.07%
01/14/2015,7490.88,7412.90,7530.41,7412.90,132.37K,1.24%
01/13/2015,7399.00,7358.53,7428.92,7358.53,65.22K,0.55%
01/12/2015,7358.36,7371.29,7382.65,7348.89,81.63K,-0.60%
01/09/2015,7402.72,7367.70,7446.66,7367.70,83.35K,0.48%
01/08/2015,7367.63,7304.76,7373.66,7294.62,93.61K,0.79%
01/07/2015,7309.70,7268.91,7341.70,7268.91,160.24K,0.44%
01/06/2015,7277.74,7262.39,7279.92,7224.40,144.54K,0.02%
01/05/2015,7276.63,7282.94,7292.80,7266.81,59.42K,0.64%
12/29/2014,7230.57,7190.46,7247.73,7190.46,54.28K,0.62%
12/23/2014,7186.32,7138.25,7186.32,7138.25,38.43K,0.66%
12/22/2014,7139.27,7130.73,7161.80,7128.48,44.81K,0.19%
12/19/2014,7125.63,7093.11,7158.51,7093.11,120.81K,1.37%
12/18/2014,7029.28,6986.84,7077.25,6882.18,101.33K,0.91%
12/17/2014,6966.21,7159.05,7169.27,6966.21,99.80K,-2.71%
12/16/2014,7160.38,7274.52,7274.52,7160.38,113.26K,-1.58%
12/15/2014,7275.62,7209.93,7275.62,7077.59,67.09K,0.71%
12/12/2014,7224.21,7080.39,7224.21,7080.39,98.98K,2.15%
12/11/2014,7072.10,7120.58,7120.58,7029.69,96.40K,-1.44%
12/10/2014,7175.08,7177.39,7177.39,7133.69,79.69K,-0.12%
12/09/2014,7183.87,7238.36,7239.54,7176.23,69.87K,-0.65%
12/05/2014,7230.56,7299.53,7299.53,7178.45,105.06K,-0.95%
12/04/2014,7299.85,7354.40,7354.40,7299.85,82.90K,-0.83%
12/03/2014,7360.75,7344.08,7372.16,7344.08,62.28K,0.22%
12/02/2014,7344.23,7333.48,7357.29,7323.48,74.37K,0.17%
12/01/2014,7331.73,7297.13,7334.69,7293.72,49.67K,0.51%
11/28/2014,7294.38,7266.93,7309.97,7263.52,58.62K,0.40%
11/27/2014,7265.34,7358.42,7369.24,7265.34,106.04K,-1.24%
11/26/2014,7356.59,7327.31,7372.57,7323.60,85.05K,0.96%
11/25/2014,7286.85,7325.98,7339.43,7286.85,38.22K,-0.52%
11/24/2014,7325.13,7277.33,7343.80,7277.33,67.35K,0.67%
11/21/2014,7276.18,7273.50,7276.18,7243.23,70.85K,0.10%
11/20/2014,7268.95,7246.31,7268.95,7226.70,48.64K,-0.01%
11/19/2014,7269.49,7297.12,7299.19,7261.66,125.39K,-0.08%
11/18/2014,7275.66,7229.55,7275.66,7224.15,82.42K,0.64%
11/17/2014,7229.72,7218.39,7244.08,7218.39,38.04K,0.17%
11/14/2014,7217.34,7200.79,7221.33,7195.56,54.32K,0.26%
11/13/2014,7198.63,7232.69,7268.38,7198.63,49.08K,-0.47%
11/12/2014,7232.87,7204.69,7256.32,7204.69,91.38K,0.39%
11/11/2014,7204.55,7194.54,7218.66,7192.83,73.39K,0.17%
11/10/2014,7192.12,7223.78,7234.60,7192.12,32.81K,-0.19%
11/07/2014,7205.72,7221.33,7229.75,7205.72,89.27K,-0.43%
11/06/2014,7236.63,7209.41,7256.41,7188.36,70.16K,0.39%
11/05/2014,7208.81,7225.48,7225.48,7176.13,50.40K,-0.18%
11/04/2014,7222.01,7330.73,7342.00,7222.01,41.21K,-1.24%
11/03/2014,7312.85,7213.05,7312.85,7213.05,61.62K,1.35%
10/31/2014,7215.73,7180.39,7215.73,7167.16,94.55K,0.62%
10/30/2014,7170.99,7096.51,7170.99,7083.96,46.98K,1.10%
10/29/2014,7093.31,7068.35,7111.13,7068.35,57.09K,0.38%
10/28/2014,7066.74,7110.85,7110.85,7066.74,36.51K,-0.52%
10/27/2014,7103.54,7103.29,7123.05,7080.55,31.35K,0.00%
10/24/2014,7103.55,7142.67,7150.02,7100.98,58.17K,-0.18%
10/23/2014,7116.13,7140.04,7140.43,7096.80,83.92K,-0.53%
10/22/2014,7154.22,7101.32,7154.22,7093.89,66.62K,1.22%
10/21/2014,7068.03,7057.53,7089.71,7057.53,70.30K,0.15%
10/20/2014,7057.53,7005.34,7069.84,7005.34,76.23K,0.78%
10/17/2014,7003.22,7049.76,7075.35,7003.22,48.56K,-0.36%
10/16/2014,7028.58,6989.59,7048.51,6946.66,86.65K,0.53%
10/15/2014,6991.19,6951.18,7025.82,6951.18,70.98K,0.65%
10/14/2014,6946.06,6967.21,6990.79,6896.47,123.29K,-0.32%
10/13/2014,6968.09,7160.99,7160.99,6957.11,105.16K,-2.78%
